url,title,date,news
http://news.ifeng.com/a/20180328/57115427_0.shtml,习近平同金正恩举行会谈_新改革时代,2018-03-28  07:35:33,"原标题：习近平同金正恩举行会谈
新华社北京3月28日电应中共中央总书记、国家主席习近平邀请，朝鲜劳动党委员长、国务委员会委员长金正恩于3月25日至28日对我国进行非正式访问。
访问期间，习近平在人民大会堂同金正恩举行会谈。习近平总书记和夫人彭丽媛为金正恩委员长和夫人李雪主举行欢迎宴会并共同观看文艺演出。
中共中央政治局常委、国务院总理李克强，中共中央政治局常委、中央书记处书记王沪宁，国家副主席王岐山分别参加有关活动。
在会谈中，习近平代表中共中央对金正恩首次访问中国表示热烈欢迎。习近平表示，你在中共十九大后电贺我再次当选中共中央总书记、就任党中央军委主席，前些天又第一时间电贺我再次当选国家主席、国家中央军委主席，我对此表示感谢。此次来华访问，时机特殊、意义重大，充分体现了委员长同志和朝党中央对中朝两党两国关系的高度重视，我们对此高度评价。
金正恩表示，近来中国大事喜事不断，去年中国共产党胜利召开十九大，前不久又成功召开全国两会，习近平同志受到全党全国人民拥戴，成为领导核心，并再次当选国家主席、国家中央军委主席，按照朝中友好传统，我理应来中国向您当面致贺。当前，朝鲜半岛局势急速前进，发生不少重要变化，从情义上和道义上，我也应该及时向习近平总书记同志当面通报情况。
习近平指出，中朝传统友谊是两党两国老一辈领导人亲自缔造和精心培育的，是双方共同的宝贵财富。回想当年，我们老一辈领导人怀着共同的理想信念和深厚的革命友谊，彼此信赖，相互支持，书写了国际关系史上的一段佳话。中朝几代领导人一直保持着密切交往，像走亲戚一样常来常往。在长期的实践中，中朝两党两国相互支持、相互配合，为社会主义事业发展作出了重要贡献。我和委员长同志都是中朝关系发展的亲历者和见证者。我们双方多次表示，要把中朝传统友谊不断传承下去，发展得更好。这是双方基于历史和现实，立足于国际地区格局和中朝关系大局，作出的战略选择，也是唯一正确选择，不应也不会因一时一事而变化。
习近平强调，中国党和政府高度重视中朝友好合作关系，维护好、巩固好、发展好中朝关系始终是中国党和政府坚定不移的方针。我们愿同朝鲜同志一道，不忘初心，携手前进，推动中朝关系长期健康稳定发展，造福两国和两国人民，为地区和平稳定发展作出新的贡献。一是继续发挥高层交往的引领作用。高层交往在中朝关系发展中历来发挥着最重要的引领和推动作用。新形势下，我愿同委员长同志通过互访、互派特使、互致信函等多种形式保持经常联系。二是充分用好战略沟通的传统法宝。经常就重大问题深入交换意见，是中朝两党的光荣传统。要充分发挥党际交往的重要作用，促进两国各领域的交流合作，加强沟通与互信。三是积极促进和平发展。当前，中国特色社会主义已经进入新时代，朝鲜社会主义建设也进入了新的历史时期。我们愿同朝方共同努力，顺应时代潮流，高举和平、发展、合作、共赢旗帜，不断增进两国人民福祉，为本地区和平、稳定、发展作出积极贡献。四是夯实中朝友好的民意基础。双方应该通过各种形式，加强两国人民交流往来，巩固两国友好关系民意基础，特别是加强两国青年一代交流，继承和发扬中朝友好的优良传统。
金正恩表示，习近平总书记对朝中友谊和发展朝中两党两国关系发表了重要意见，令我受到极大鼓舞和启发。双方老一辈领导人亲手缔造和共同培育的朝中友谊是不可撼动的。在新形势下传承并发展朝中友谊，是朝方的战略选择，任何情况下都不会改变。我此次来访，希望与中国同志见面，加强战略沟通，加深传统友谊。希望今后能有机会同总书记同志经常见面，并通过互派特使、致亲笔信等方式保持密切沟通，把高层会晤对两党两国关系的引领发展到新水平。
双方通报了各自国内形势。习近平表示，中共十九大制定了全面建设社会主义现代化强国的宏伟蓝图，2020年全面建成小康社会，2035年基本实现社会主义现代化，到本世纪中叶把中国建设成为富强民主文明和谐美丽的社会主义现代化强国。我们党将带领全国各族人民锐意进取，埋头苦干，为实现中华民族伟大复兴的中国梦继续努力奋斗。我们注意到，近年来委员长同志带领朝鲜党和人民，在发展经济、改善民生方面采取了一系列积极举措，取得了许多成果。我们希望朝鲜政治稳定、经济发展、人民幸福，支持以委员长同志为首的朝鲜劳动党带领朝鲜人民沿着社会主义道路不断前进，支持朝鲜同志为发展经济、改善民生所作积极努力。
金正恩表示，中共十八大以来，以习近平同志为核心的中共中央发挥巨大的政治勇气和高度责任感，提出新思想新理念并加以落实，解决了很多长期没有解决的难题和大事，充分证明了中国党的路线是符合国情的正确路线，特别是总书记同志提出党要管党、全面从严治党，极大加强了党的建设，实现了党对各项工作的全面领导。当前，我们党也在加大力度，同逞威风、耍官僚、搞腐败的行为作斗争。衷心祝愿中国在全面建成小康社会、建设社会主义现代化强国的进程中不断取得新的伟大成就。
双方领导人就国际和朝鲜半岛形势深入交换意见。
习近平指出，今年以来，朝鲜半岛形势发生积极变化。朝方为此作出了重要努力，我们对此表示赞赏。在半岛问题上，我们坚持实现半岛无核化目标、维护半岛和平稳定、通过对话协商解决问题。我们呼吁各方支持半岛北南双方改善关系，共同为劝和促谈作出切实努力。中方愿在半岛问题上继续发挥建设性作用，同包括朝方在内的各方一道努力，共同推动半岛形势走向缓和。
金正恩表示，当前朝鲜半岛形势开始向好发展。我们主动采取了措施缓和紧张局势，提出了和平对话建议。按照金日成主席和金正日总书记的遗训，致力于实现半岛无核化，是我们始终不变的立场。我们决心将北南关系转变为和解合作的关系，举行北南首脑会晤，愿意同美方对话，举行朝美首脑会晤。如果南朝鲜和美国以善意回应我们的努力，营造和平稳定的氛围，为实现和平采取阶段性、同步的措施，半岛无核化问题是能够得到解决的。在这一进程中，我们希望同中方加强战略沟通，共同维护协商对话势头和半岛和平稳定。
会谈前，习近平在人民大会堂北大厅为金正恩举行欢迎仪式。
会谈后，习近平和夫人彭丽媛为金正恩和夫人李雪主举行欢迎宴会。习近平在致辞中表示，在这春回大地、万物复苏的美好时节，金正恩同志和李雪主女士对中国进行非正式访问，对双方深化沟通、加强协作、促进合作具有十分重要的意义，将推动两党两国关系在新的历史时期迈上新的台阶，为推动本地区和平、稳定、发展作出重要贡献。刚才，我同金正恩委员长进行了坦诚友好的会谈。我们一致认为，传承发扬中朝传统友谊，符合双方共同利益，是双方共同的战略选择。无论国际地区形势如何风云变幻，我们双方都会牢牢把握世界发展大势和中朝关系大局，加强高层交往，深化战略沟通，扩大交流合作，造福两国人民和各国人民。
金正恩在致辞中说，在朝鲜半岛形势空前巨变的情况下，我本着推动半岛和平稳定、继承和发展朝中友谊的良好愿望，对中国进行了快速访问。我首次出访就来到中国，表达了我继承朝中友好传统、珍视朝中友谊的心意。我同习近平总书记就发展朝中两党两国关系、各自国内形势、维护朝鲜半岛和平稳定等进行了成功会谈。我相信，在充满欢欣和希望的新春同习近平总书记进行的首次会晤，将迎来朝中友谊硕果，促进半岛和平稳定。
访问期间，习近平和夫人彭丽媛还在钓鱼台国宾馆养源斋为金正恩和夫人李雪主举行了午宴。习近平表示，钓鱼台国宾馆见证了中朝传统友谊的发展，两党两国老一辈领导人亲密无间的关系给我们树立了榜样。我们欢迎金正恩委员长和李雪主女士经常来中国走一走。
金正恩表示，朝中友谊弥足珍贵。我愿同总书记同志一道，遵循老一辈领导人的崇高意志，继承和发展历经风雨仍保持本色的朝中友好关系，并在新的形势下推向新的高度。
金正恩还参观了“率先行动砥砺奋进——十八大以来中国科学院创新成果展”。他对中国在科技发展和创新方面取得的成就表示钦佩，并在参观结束后题词留念。
中共中央政治局委员、中央书记处书记、中央办公厅主任丁薛祥，中共中央政治局委员杨洁篪，中共中央政治局委员、中央书记处书记、中央政法委书记郭声琨，中共中央政治局委员、中央书记处书记、中宣部部长黄坤明，中共中央政治局委员、北京市委书记蔡奇，国务委员、外交部长王毅等参加有关活动。
朝鲜劳动党中央副委员长、组织指导部部长崔龙海，朝鲜劳动党中央副委员长、宣传鼓动部部长朴光浩，朝鲜劳动党中央副委员长、国际部部长李洙墉，朝鲜劳动党中央副委员长、统一战线部部长金英哲，朝鲜外相李勇浩等陪同金正恩访华并出席有关活动。
"
http://news.ifeng.com/a/20180328/57124306_0.shtml,人民网：把中朝传统友谊不断传承下去发展得更好_凤凰资讯,2018年03月28日 12:51:45,"原标题：人民网评：把中朝传统友谊不断传承下去发展得更好
应中共中央总书记、国家主席习近平邀请，朝鲜劳动党委员长、国务委员会委员长金正恩于3月25日至28日对我国进行非正式访问。
此次访问对中朝双方深化沟通、加强协作、促进合作具有十分重要的意义，将推动两党两国关系在新的历史时期迈上新的台阶，为推动本地区和平、稳定、发展作出重要贡献。
中朝传统友谊是两党两国老一辈领导人亲自缔造和精心培育的，是双方共同的宝贵财富。
中共中央总书记、国家主席习近平在同朝鲜劳动党委员长、国务委员会委员长金正恩会谈时指出，回想当年，我们老一辈领导人怀着共同的理想信念和深厚的革命友谊，彼此信赖、相互支持，书写了国际关系史上的一段佳话。
金正恩表示，双方老一辈领导人亲手缔造和共同培育的朝中友谊是不可撼动的。在新形势下，传承并发展朝中友谊，是朝方的战略选择，任何情况下都不会改变。
中朝传统友谊源远流长，弥足珍贵。在中朝两国领导人的关怀培育下，中朝传统友谊经历了岁月的洗礼。中朝传统友谊从维护正义捍卫和平的斗争中走来，在为社会主义事业发展作出贡献中发扬光大。中朝双方领导人多次表示，要把中朝传统友谊不断传承下去，发展得更好。
传承发扬中朝传统友谊，需要继续发挥高层交往的引领作用。高层交往在中朝关系发展中历来发挥着最重要的引领和推动作用。传承发扬中朝传统友谊，需要充分用好战略沟通的传统法宝。要充分发挥党际交往的重要作用，促进两国各领域的交流合作，加强沟通与互信。传承发扬中朝传统友谊，需要积极促进和平发展。中方愿同朝方共同努力，顺应时代潮流，高举和平、发展、合作、共赢旗帜，不断增进两国人民福祉，为本地区和平、稳定、发展作出积极贡献。传承发扬中朝传统友谊，需要夯实中朝友好的民意基础。双方应该通过各种形式，加强两国人民交流往来，巩固两国友好关系民意基础，特别是加强两国青年一代交流，继承和发扬中朝友好的优良传统。
传承发扬中朝传统友谊，符合双方共同利益，是双方共同的战略选择。无论国际地区形势如何风云变幻，中朝双方都会牢牢把握世界发展大势和中朝关系大局，加强高层交往，深化战略沟通，扩大交流合作，造福两国人民和各国人民。 
"
http://news.ifeng.com/a/20180326/57075303_0.shtml,习近平就俄罗斯发生重大火灾向普京致慰问电_新改革时代,2018-03-26  20:01:49,"原标题：习近平就俄罗斯克麦罗沃市发生重大火灾向俄罗斯总统普京致慰问电 李克强向俄罗斯总理梅德韦杰夫致慰问电
新华社北京3月26日电国家主席习近平3月26日就俄罗斯克麦罗沃市发生重大火灾向俄罗斯总统普京致慰问电。　　习近平在慰问电中表示，惊悉贵国克麦罗沃市发生火灾，造成重大人员伤亡和财产损失。我谨代表中国政府和中国人民，并以我个人的名义，对所有遇难者表示沉痛的哀悼，向受伤者和遇难者家属致以深切的同情和诚挚的慰问。　　同日，国务院总理李克强也就此向俄罗斯总理梅德韦杰夫致慰问电，向遇难者表示深切哀悼，向遇难者家属致以诚挚慰问。（完）
"
http://news.ifeng.com/a/20180326/57060207_0.shtml,窑洞里的读书人_新改革时代,2018-03-26  11:39:39,"原标题：央视原创时政微视频丨窑洞里的读书人
​“我最大的爱好就是读书”——十八大以来，习近平总书记多次在公开场合强调读书修身的重要性。
“我们读书最多的时候就是在农村，十年寒窗，读书知识的基础是在农村打下了。” 2003年，习近平接受央视采访时这样说。
“读书知识的基础是在农村打下了”
1969年1月，不满16岁的习近平赴陕西省延川县梁家河村插队。梁家河村村民王宪平说，“当时我们村里人去把他的行李拉回来，有一个箱子很重，那时候也不知道是习近平的，后来才知道他那个箱子里装的全是书。”
从此，七年的日日夜夜，梁家河村多了一个秉烛夜读的身影。
提起习近平的插队生涯，梁家河村村民武晖颇有感触：“你问我们村里60岁以上的老人，习近平插队期间最爱好什么？大家都异口同声地说习近平最爱看书。”
2015年2月，习近平总书记回到梁家河，他特意在一座山坡上驻足，追忆当年在山峁上读书的场景：“当时就把羊圈在一个山峁儿上，然后我就坐在那儿看书、冥想了。”
​“出门的时候怀里揣一本书，我那时候揣字典，《成语词典》《简明哲学词典》，背一个词的意思就去锄地，再找休息的时候再背一个词。”习近平这样描述自己曾经手不释卷。
曾任延川县通讯组组长的曹谷溪回忆，“近平的房东曾经跟我说，每天早上起来，近平的脸、鼻孔都是黑的，眼眶是黑的，被煤油灯的烟熏黑了。”
“一物不知深以为耻”
“那个时候到处找书，到处看书，‘一物不知深以为耻’，当时提出了这样一个自我要求。”2014年5月4日，在北京大学师生座谈会上，习近平总书记说出了当年给自己制定的读书座右铭。
一年之前的同一天，2013年5月4日，在同各界优秀青年代表座谈时，习近平总书记也生动地讲述了一个当年自己求书若渴、韦编三绝的故事。“我那儿有一套歌德的《浮士德》，韦编三绝，就是不想还。那个人（书主人）讨书讨了三次，我请他吃了三顿炒鸡蛋，把他打发走了，再继续看。”
因为同去插队的知青也带了一些书，加上当时有些乡村老师也有藏书，大家互相借阅，形成了良好的阅读氛围，习近平收获颇丰。“涉猎各种史书，《二十四史》也都涉猎了，包括军事学的书。跟我一起共事多年的一位知青，他把他们家的克劳塞维茨的《战争论》什么都带去，所以读得非常广、非常博、非常杂。到后来读各种政治书，哲学书一直在看，史学我特别喜欢。”
作家路遥，当年曾是习近平的书友
书，还让习近平找到了自己的“文学青年”朋友圈。后来凭借《平凡的世界》获得茅盾文学奖的陕北作家路遥，当年曾是习近平的书友。
见证了习近平与路遥书友情谊的曹谷溪说，“路遥和北京知青的交往很多，他从他们身上看到了一种新的闪光的东西。近平不爱说话，路遥也不爱说话，他俩有话说，都是爱好文学的青年，文学青年准确一点，有文学情结的青年。读书的问题的交流，对一些时政的看法，国家民族前途的事情都谈。他们有共同的语言，所以彻夜长谈。”
梁家河村村民王宪平至今还保存着当年习近平送给他的笔记本和书。
王宪平说，“习近平对学习抓得很紧，他对我的感染很厉害。我有时候把一些书拿上，我说这个东西我不理解，数学题或者语文啊，他能给我讲，就跟现在好像辅导老师一样的。他三番五次地给你讲这个东西。他说，黑子（王宪平小名），你听明白了没有？你懂不懂？我说大概差不多。他说，不能大概啊，你一定要把这个记下来。”
1971年3月，作为村里爱读书的“文化人”，王宪平被招工到延川县工作，从而改变了自己的命运。
2013年3月19日，在接受金砖国家媒体联合采访时，习近平总书记这样感慨道：“我最大的爱好就是读书，读书已经成为自己的一种生活方式，读各类书，我想，这是一个终身的爱好。” 
监制| 杨继红
制片人| 张鸥陶郎
编导| 吴璇余腾龙张伟浩杨山郝薇王新宇陕西台党玺
美编| 曲柳燕
"
http://news.ifeng.com/a/20180327/57107112_0.shtml,习近平：把建设美丽中国化为人民自觉行动_新改革时代,2018-03-27  20:50:31,"原标题：习近平：把建设美丽中国化为人民自觉行动
学习路上按
党的十八大以来，习近平同志关于社会主义生态文明建设的一系列重要论述，立意高远，内涵丰富，思想深刻，对于我们深刻认识生态文明建设的重大意义，坚持和贯彻新发展理念，正确处理好经济发展同生态环境保护的关系，坚定不移走生产发展、生活富裕、生态良好的文明发展道路，加快建设资源节约型、环境友好型社会，推动形成绿色发展方式和生活方式，推进美丽中国建设，实现中华民族永续发展，夺取全面建成小康社会决胜阶段的伟大胜利，实现“两个一百年”奋斗目标、实现中华民族伟大复兴的中国梦，具有十分重要的指导意义。
近日，中共中央文献研究室编辑了《习近平关于社会主义生态文明建设论述摘编》。本书内容，摘自习近平同志二〇一二年十一月十五日至二〇一七年九月十一日期间的讲话、报告、谈话、指示、批示、贺信等八十多篇重要文献，分七个专题，共计二百五十九段论述。其中许多论述是第一次公开发表。该书第六篇重点阐述“强化公民环境意识，把建设美丽中国化为人民自觉行动”，部分精彩论述如下：
要加强宣传教育、创新活动形式，引导广大人民群众积极参加义务植树，不断提高义务植树尽责率，依法严格保护森林，增强义务植树效果，把义务植树深入持久开展下去，为全面建成小康社会、实现中华民族伟大复兴的中国梦不断创造更好的生态条件。
——在参加首都义务植树活动时的讲话（2013年4月2日），《人民日报》2013年4月3日
森林是陆地生态系统的主体和重要资源，是人类生存发展的重要生态保障。不可想象，没有森林，地球和人类会是什么样子。全社会都要按照党的十八大提出的建设美丽中国的要求，切实增强生态意识，切实加强生态环境保护，把我国建设成为生态环境良好的国家。
——在参加首都义务植树活动时的讲话（2013年4月2日），《人民日报》2013年4月3日
全国各族人民要一代人接着一代人干下去，坚定不移爱绿植绿护绿，把我国森林资源培育好、保护好、发展好，努力建设美丽中国。
——在参加首都义务植树活动时的讲话（2014年4月4日），《人民日报》2014年4月5日
林业建设是事关经济社会可持续发展的根本性问题。每一个公民都要自觉履行法定植树义务，各级领导干部更要身体力行，充分发挥全民绿化的制度优势，因地制宜，科学种植，加大人工造林力度，扩大森林面积，提高森林质量，增强生态功能，保护好每一寸绿色。
——在参加首都义务植树活动时的讲话（2014年4月4日），《人民日报》2014年4月5日
植树造林是实现天蓝、地绿、水净的重要途径，是最普惠的民生工程。要坚持全国动员、全民动手植树造林，努力把建设美丽中国化为人民自觉行动。
——在参加首都义务植树活动时的讲话（2015年4月3日），《人民日报》2015年4月4日
“十三五”时期既是全面建成小康社会的决胜阶段，也是生态文明建设的重要时期。发展林业是全面建成小康社会的重要内容，是生态文明建设的重要举措。各级领导干部要带头参加义务植树，身体力行在全社会宣传新发展理念，发扬前人栽树、后人乘凉精神，多种树、种好树、管好树，让大地山川绿起来，让人民群众生活环境美起来。
——在参加首都义务植树活动时的讲话（2016年4月5日），《人民日报》2016年4月6日
植树造林，种下的既是绿色树苗，也是祖国的美好未来。要组织全社会特别是广大青少年通过参加植树活动，亲近自然、了解自然、保护自然，培养热爱自然、珍爱生命的生态意识，学习体验绿色发展理念，造林绿化是功在当代、利在千秋的事业，要一年接着一年干，一代接着一代干，撸起袖子加油干。
——在参加首都义务植树活动时的讲话（2017年3月29日），《人民日报》2017年3月30日
全民义务植树的一个重要意义，就是让大家都树立生态文明的意识，形成推动生态文明建设的共识和合力。每年这个时候与同学们一起植树，感到很高兴。希望同学们从小树立保护环境、爱绿护绿的意识，既要懂道理，又要做道理的实践者，积极培育劳动意识和劳动能力，用自己的双手为祖国播种绿色，美化我们共同生活的世界。
——在参加首都义务植树活动时的讲话（2017年3月29日），《人民日报》2017年3月30日
参加义务植树是每个公民的法定义务。前人种树后人乘凉，我们每个人都是乘凉者，但更要做种树者。各级领导干部要身体力行，同时要创新义务植树尽责形式，让人民群众更好更方便地参与国土绿化，为人民群众提供更多优质生态产品，让人民群众共享生态文明建设成果。
——在参加首都义务植树活动时的讲话（2017年3月29日），《人民日报》2017年3月30日
倡导推广绿色消费。生态文明建设同每个人息息相关，每个人都应该做践行者、推动者。要强化公民环境意识，倡导勤俭节约、绿色低碳消费，推广节能、节水用品和绿色环保家具、建材等，推广绿色低碳出行，鼓励引导消费者购买节能环保再生产品，推动形成节约适度、绿色低碳、文明健康的生活方式和消费模式。要加强生态文明宣传教育，把珍惜生态、保护资源、爱护环境等内容纳入国民教育和培训体系，纳入群众性精神文明创建活动，在全社会牢固树立生态文明理念，形成全社会共同参与的良好风尚。
——《在十八届中央政治局第四十一次集体学习时的讲话》（2017年5月26日）
要广泛开展国土绿化行动，每人植几棵，每年植几片，年年岁岁，日积月累，祖国大地绿色就会不断多起来，山川面貌就会不断美起来，人民生活质量就会不断高起来。
——在山西考察工作时的讲话（2017年6月21日-23日），《人民日报》2017年6月24日
五十五年来，河北塞罕坝林场的建设者们听从党的召唤，在“黄沙遮天日，飞鸟无栖树”的荒漠沙地上艰苦奋斗、甘于奉献，创造了荒原变林海的人间奇迹，用实际行动诠释了绿水青山就是金山银山的理念，铸就了牢记使命、艰苦创业、绿色发展的塞罕坝精神。他们的事迹感人至深，是推进生态文明建设的一个生动范例。
——对河北塞罕坝林场建设者事迹作出的指示（2017年8月），《人民日报》2017年8月29日
全党全社会要坚持绿色发展理念，弘扬塞罕坝精神，持之以恒推进生态文明建设，一代接着一代干，驰而不息，久久为功，努力形成人与自然和谐发展新格局，把我们伟大的祖国建设得更加美丽，为子孙后代留下天更蓝、山更绿、水更清的优美环境。
——对河北塞罕坝林场建设者事迹作出的指示（2017年8月），《人民日报》2017年8月29日
"
http://news.ifeng.com/a/20180328/57120276_0.shtml,吴小晖案今日上午开庭审理_凤凰资讯,2018年03月28日 10:03:02,"【吴小晖案庭审播报】2018年3月28日上午，上海市第一中级人民法院公开开庭审理上海市人民检察院第一分院提起公诉的安邦保险集团股份有限公司（以下简称安邦集团）原董事长、总经理吴小晖犯集资诈骗罪、职务侵占罪一案。 ​​​​
2018年3月28日上午，上海市第一中级人民法院公开开庭审理上海市人民检察院第一分院提起公诉的安邦保险集团股份有限公司（以下简称安邦集团）原董事长、总经理吴小晖犯集资诈骗罪、职务侵占罪一案。
上海市人民检察院第一分院派员出庭支持公诉。
被告人吴小晖及其辩护人到庭参加诉讼。
人大代表、媒体记者、社会各界群众及被告人吴小晖部分家属等五十余人到庭旁听庭审。
书记员宣布法庭纪律后，审判长宣布开庭，核实被告人吴小晖的身份、宣布合议庭组成人员、书记员、公诉人、辩护人等名单，告知被告人相关诉讼权利。 ​​​​
审判长宣读庭前会议报告。庭前会议主要明确了以下事项：第一，被告人、辩护人对本案的管辖无异议；第二，被告人及辩护人均明确表示不申请回避、不申请非法证据排除；第三，控辩双方对庭审举证、质证的顺序和方式达成了一致意见等。 ​​​​
据上海一中法院，公诉人宣读吴小晖案起诉书，指控集资诈骗罪实际骗取652.48亿元。
被告人吴小晖对指控的事实和罪名均提出异议，被告人吴小晖表示自己不懂法律，不知道其行为是否构成犯罪。 ​​​​
公诉人、辩护人先后围绕本案指控的事实向被告人吴小晖讯问、发问。 ​​​​
 
法庭调查进入举证、质证环节。 
"
http://news.ifeng.com/a/20180328/57122569_0.shtml,吴小晖被指控集资诈骗罪实际骗取652.48亿元_凤凰资讯,2018年03月28日 11:21:08,"据上海一中法院，公诉人宣读吴小晖案起诉书，指控集资诈骗罪实际骗取652.48亿元。
早先报道：
【吴小晖案庭审播报】2018年3月28日上午，上海市第一中级人民法院公开开庭审理上海市人民检察院第一分院提起公诉的安邦保险集团股份有限公司（以下简称安邦集团）原董事长、总经理吴小晖犯集资诈骗罪、职务侵占罪一案。 ​​​​
2018年3月28日上午，上海市第一中级人民法院公开开庭审理上海市人民检察院第一分院提起公诉的安邦保险集团股份有限公司（以下简称安邦集团）原董事长、总经理吴小晖犯集资诈骗罪、职务侵占罪一案。
上海市人民检察院第一分院派员出庭支持公诉。
被告人吴小晖及其辩护人到庭参加诉讼。
人大代表、媒体记者、社会各界群众及被告人吴小晖部分家属等五十余人到庭旁听庭审。
书记员宣布法庭纪律后，审判长宣布开庭，核实被告人吴小晖的身份、宣布合议庭组成人员、书记员、公诉人、辩护人等名单，告知被告人相关诉讼权利。 ​​​​
审判长宣读庭前会议报告。庭前会议主要明确了以下事项：第一，被告人、辩护人对本案的管辖无异议；第二，被告人及辩护人均明确表示不申请回避、不申请非法证据排除；第三，控辩双方对庭审举证、质证的顺序和方式达成了一致意见等。 ​​​​
"
http://news.ifeng.com/a/20180223/56205930_0.shtml,上海检方对吴小晖集资诈骗、职务侵占案提起公诉_凤凰资讯,2018年02月23日 10:21:16,"原标题：上海市检察一分院依法对吴小晖提起公诉
近日，上海市人民检察院第一分院依法对吴小晖集资诈骗、职务侵占案向上海市第一中级人民法院提起公诉。
安邦保险集团股份有限公司（以下简称安邦集团）原董事长、总经理吴小晖因涉嫌经济犯罪，被依法提起公诉。鉴于安邦集团存在违反法律法规的经营行为,可能严重危及公司偿付能力,为保持安邦集团照常经营，保护保险消费者合法权益，依照《中华人民共和国保险法》有关规定，中国保监会决定于2018年2月23日起，对安邦集团实施接管，接管期限一年。
2017年6月以来，中国保监会根据监管工作安排，派出工作组进驻安邦集团，深入开展现场检查，强化公司现场监管，督促公司改善经营管理。目前，安邦集团经营总体稳定，业务运行基本平稳，保险消费者及各利益相关方合法权益得到了有效保护。
经监管检查发现，安邦集团存在违反相关法律法规问题，保监会已依法责令安邦集团调整吴小晖董事长、总经理职务。保监会依照法律规定，会同人民银行、银监会、证监会、外汇局等有关部门成立接管工作组，全面接管安邦集团经营管理，全权行使安邦集团三会一层职责。接管不改变安邦集团对外的债权债务关系。接管期间，接管工作组将在监管部门指导下，依法依规采取切实有效措施，保持公司照常经营，确保保险消费者合法权益得到充分保障，并依法维护各利益相关方合法权益。
接管过程中，接管工作组将积极引入优质社会资本，完成股权重整，保持安邦集团民营性质不变。
"
http://news.ifeng.com/a/20180328/57110835_0.shtml,巡视组长被威胁：钱搞不定有女人 女人搞不定用刀_凤凰资讯,2018年03月28日 00:11:13,"原标题:胆大包天！官员竟如此干扰巡视组
随着党的十九大后首轮中央巡视全面展开，15个巡视组正对30个地方、单位党组织“全面体检”。不禁让人想到电视剧《人民的名义》里那段精彩的鸿门宴，祁同伟、高小琴约侯亮平唱《沙家浜》，只为拖延时间暗派杀手击毙反贪局局长侯亮平。
事实上，大白新闻（微信ID：dabaixinwen）发现，“对抗组织审查”常常在双开官员的通报中出现。某省委巡视组长一到地方就被黑社会威胁：“钱搞不定有女人，女人搞不定用刀。”甚至基层村官对巡视副组长放言：100万买你一条腿！
2017年1月，广东省纪委、广东广播电视台联合制作播出了电视专题片《永不懈怠的斗争》。该片介绍了党的十八大以来，广东在严查违反中央八项规定精神和“四风”问题的工作中取得的阶段性成效。在第三集《利剑高悬》中，广东省委第九巡视组组长王晓超讲述了自己在潮州开展巡视的经历。
王晓超说：“到潮州，有‘黑社会’威胁我们，说钱搞不定有女人，女人搞不定用刀。我们顶住压力，群众也有很多举报信件，涉及政协原主席汤锡坤，原市长卢淳杰等。”
在当地论坛里，有人发文称：汤锡坤任市长时“作风霸道，党羽占据重要职位，根本不把市委放在眼里”。同时，“干部中造成帮派林立，党、政各行其是，政令不通，朝令夕改，干事者无所适从，贪赃枉法、违法乱纪者浑水摸鱼，占据重要职位，大发不义之财。”
据媒体报道，有湖北省巡视组干部坦言，巡视工作不是什么人都能干的，除了要政治和业务素质过硬，身正气爽，还要顶住很大的压力，比如人情关，甚至是人身安全威胁。
湖北省委第九巡视组在武汉市硚口区巡视时，查出时任武汉市咨询委员会委员王绍志(正厅级)有违纪嫌疑。“核查期间，数不清的人找来为王绍志说情，包括一些领导干部。实在推不了的鸿门宴就赴，通过鸿门宴，我们实施反侦查，他们投石问路，不小心透露了一些信息，我们反而得到有用的线索。”第九巡视组副组长程忠伟对记者说。
程忠伟也曾收到威胁短信：我准备到武汉来找你，我知道你家的门牌号。在武汉某区巡视的时候，一位村干部还曾放风要花100万元买他一条腿。“作为巡视干部，你得比他们更硬气。”程忠伟说。
湖北省赤壁市原政协主席方保安贪污、受贿、包庇纵容黑社会，长期与黑恶团伙勾结，充当其保护伞。
2014年11月，省委第四巡视组进驻咸宁市，以方保安的“干儿子” 任立平为首的黑恶势力团伙，通过实施故意伤害、强迫交易、非法拘禁等手段牟取暴利，方保安夫妇则利用职务之便和职务影响为任立平团伙充当“保护伞”的问题线索浮出水面。
据悉，在咸宁市委、市纪委成立联合专案组对其进行调查时，有人拦住调查组的车拍照并出言威胁，有不明车辆跟踪、上演“生死时速”。最终，该案成功查办，不但方保安被开除党籍并移送司法，其背后的犯罪团伙成员也受到法律制裁。
中央纪委监察部网站曾针对《中国共产党巡视工作条例》连续刊发了几则关于《巡视条例》背后的故事。其中提到，2014年9月4日至10月11日，湖北省委巡视组对武汉市蔡甸区进行巡视期间，发现前任区委书记、现任市发改委主任吴清涉嫌严重违纪。在巡视组与其约谈时，吴清藐视巡视、态度恶劣，竟然拍桌子说狠话，出口伤人。
湖北省委“五人小组”听取该组汇报后指出：“要提高巡视工作的威慑力度。这次一定要抓典型，凡是对巡视工作有抵触的，像武汉市发改委主任那样一种态度，就要处理。一个党员干部，对巡视谈话监督都这样，如何对待群众？如何对待一般监督？简直是胆大包天！这样的事情要抓典型，要震慑。”
从2013年被黑龙江省委任命为省委巡视组组长库人员开始，先后参加了7轮巡视，共巡视12个单位，和组内同志共同发现重要问题线索50余件……有丰富巡视经历的省委第五专项巡视组组长王维绪诉说了巡视工作的酸甜苦辣。
王维绪说，除了工作强度大，巡视单位的不配合让巡视组没少吃苦头。“之前有单位就是不给审查材料，拖时间，现在有规定，必须上交材料，被巡视单位就在别的上面动脑筋了”，王维绪说，为让巡视组日子过得苦一点，有的入驻单位在饭菜上“做文章”，“不是特别咸就是特别辣，让你吃不下去”；有的单位办公环境设障碍，“不是电锯响，就是刷油漆，让你呆不下去。”
据报道，福建莆田市纪委第三纪检监察室副主任陈峻青作为从事纪律审查工作的干部，得罪了不少人。
有一次，陈峻青在公园锻炼后正要回家时，在公园大门口遇到了一位曾经被调查的干部，没说几句话，对方便挥着拳头冲了过来。面对侮辱和恐吓，陈峻青强忍怒气，回了一句：“好人总是不容易死的！”那人听后捏着拳头冲了过来，一米八七的大块头，气势汹汹。
围观的人越来越多，当大家听清楚是怎么一回事后，纷纷为陈峻青说话，对方见势不妙就溜走了。
因此，对大部分巡视人员，基于工作保密性以及自身安全，他们每到一个地方都不会主动和当地的亲朋好友联系，即使知道也一概不接待。活动范围往往就在宾馆附近，甚至连晚上休息时散步，也就是绕着宾馆走一走，绝不走远。
【资料来源：南方网、海峡都市报、红网、澎湃新闻、黑龙江日报等】
"
http://news.ifeng.com/a/20180327/57099072_0.shtml,涉黑涉恶 厦门一社区书记、主任双双被“拿下”_凤凰资讯,2018年03月27日 17:02:23,"原标题：涉黑涉恶 厦门一社区书记、主任双双被“拿下”
新华社厦门3月27日电（记者 颜之宏）3月5日进驻巡察、3月9日相关对象被党纪立案、刑事拘留。记者日前从厦门市纪委了解到，厦门市深挖黑恶势力保护伞的“机动式”巡察取得阶段性成果。
据介绍，厦门市委第三机动式巡察组于3月5日起对同安区西柯镇吕厝社区开展机动式巡察。巡察组一进驻，当即对干部群众反映强烈的社区党总支书记吕子凉、居委会主任吕水草违纪情况进行走访调查。
巡察组掌握：吕子凉、吕水草任社区党总支书记、居委会主任期间，幕后指使社会闲散人员多次采取卸沙堵门、场地静坐、强行进场等方式阻挠施工并抢占工地，致使承建方无法正常施工。之后两人以社区两委名义出面协调，胁迫承建方解除合同，并将土方、地材交由其指定的人员承接。
巡察组随即将吕子凉、吕水草相关违纪线索移交同安区纪委监察委处理，违法线索移交公安机关处理。
根据巡察移交的问题线索及前期掌握的情况，3月9日凌晨，公安部门开展突击收网行动，一举抓获涉嫌寻衅滋事案犯罪嫌疑人11名，并将幕后操纵、指使涉恶团伙的犯罪嫌疑人吕子凉、吕水草带至公安机关审讯。
随后，吕水草和吕子凉分别被刑拘，同安区纪委监察委根据巡察组移交的问题线索也同步对其进行党纪立案处理。
据厦门市纪委相关负责人介绍，厦门市此次开展的市委首轮机动式巡察，组成三个巡察组采取提级巡察的办法，对一个镇、两个社区开展巡察，让市委巡察直抵基层。通过调阅资料、召开座谈会、走村进户了解情况等方式开展工作，将矛头指向涉黑涉恶腐败公职人员、黑恶势力“保护伞”和推动扫黑除恶工作不力的组织和工作人员。同时统筹协调有关区进行“推磨式”交叉巡察，确保巡察出实效。（完）
"
http://news.ifeng.com/a/20180326/57062623_0.shtml,组织盗墓11次、包庇黑社会 公安局副局长被判无期_凤凰资讯,2018年03月26日 13:20:04,"原标题：山西闻喜公安局原副局长被判无期：组织盗墓11次并包庇犯罪
2018年3月26日,山西省运城市中级人民法院对运城市人民检察院提起公诉的被告人景益民等10人共同或分别犯包庇、纵容黑社会性质组织罪、盗掘古文化遗址、古墓葬罪、帮助犯罪分子逃避处罚罪一案依法进行公开宣判。
法庭当庭判决，被告人景益民、李福学、任清河、李安吉共同或分别犯包庇、纵容黑社会性质组织罪、盗掘古文化遗址、古墓葬罪、帮助犯罪分子逃避处罚罪，被依法判处无期徒刑，并处没收个人全部财产，剥夺政治权利终身；被告人李晓东、石金录、秦林惠、崔顺合、樊刘庆、李继光共同或分别犯盗掘古文化遗址、古墓葬罪、帮助犯罪分子逃避处罚罪，分别被判处有期徒刑十六年、十五年、十三年、十二年、八年、六年及相应财产刑。
经运城市中级人民法院审理查明，自2010年起至2016年，被告人景益民（时任闻喜县公安局副局长）为盗墓团伙、特别是黑社会骨干分子张成俊（已判刑）等人提供保护，安排公安局文物犯罪侦查大队民警李安吉、李晓东在值班巡逻时有意绕开盗墓地点，为实施犯罪提供保护。张成俊伙同本案被告人李福学、任清河、石金录、秦林惠、崔顺合、攀刘庆、李继光等7人先后共同或分别结伙在闻喜县境内的国家级古文化遗址保护范围内和周边盗掘古墓葬26起，盗得青铜器等文物100余件。
被告人景益民在为张成俊等人盗墓犯罪充当“保护伞”的同时，组织盗掘位于全国重点文物保护单位范围内古墓葬11次13处（其中1处未盗得文物），将所盗文物直接贩卖。另外还包庇黑社会组织的组织者侯金亮、侯金发、景春凯（均已判刑）开设赌场，对黑社会骨干分子张保民（已判刑）伤害他人、非法拘禁的行为违规办理了取保候审，张在取保候审期间继续实施非法持有枪支、开设赌场、非法拘禁、贩卖毒品的犯罪行为。”
被告人李安吉为他人实施盗掘位于全国重点文物保护单位范围内古墓葬提供保护10次12处（其中1处未盗得文物），被告人李晓东为他人实施盗掘位于全国重点文物保护单位范围内古墓葬4次4处（2处未盗得文物），其他古墓葬1次2处（1处未盗得文物）。在查办案件过程中，李安吉、李晓东二被告人为犯罪分子串供提供方便，意图使其逃避法律制裁。”
法庭认为，被告人景益民身为国家机关工作人员、公安局副局长，明知侯金亮、侯金发、景春凯、张成俊、张保民等人长期从事违法犯罪活动，不仅不能严格履行职责，反而勾结黑社会组织，为其犯罪充当“保护伞”，严重损害了国家工作人员职务行为的廉洁性，损害了国家经济利益，破坏了社会秩序，在当地造成了极其恶劣的社会影响，依法必须严惩。在实施盗墓的共同犯罪中，被告人景益民提供保护、出售所得文物，起组织、指挥作用，系主犯，应从重处罚，虽有检举他人犯罪的立功表现，但根据其犯罪情节，决定不对其从轻、减轻处罚。 被告人李安吉、李晓东身为公安民警，在盗掘古文化遗址、古墓葬共同犯罪中亦起到主要作用，系主犯，身为公安民警参与犯罪、帮助犯罪分子逃避处罚，依法应从重处罚。
此前，法院就该案召开庭前会议排除了非法证据，并进行公开开庭审理。各被告人及其辩护人、证人、鉴定人到庭参加诉讼。法庭围绕起诉书指控的事实展开法庭调查，主持法庭辩论。控辩双方出示了相关证据，进行了质证，各被害人及其辩护人充分发表了辩护意见。法院根据各被告人的犯罪事实、性质、情节和社会危害程度，依法作出上述判决。
部分人大代表、政协委员、媒体记者及群众代表旁听了案件宣判。
"
http://news.ifeng.com/a/20180328/57124714_0.shtml,美国纠集西方向俄罗斯开火，下一个目标会是中国？_凤凰资讯,2018年03月28日 13:13:54,"原标题：美国纠集西方向俄罗斯开火，下一个目标会是中国？  
在世界局势进入关键性转折的时刻，西方国家集结在美国的旗帜下展开非理性行动，是一个十分危险的动向，整个世界极有可能会被它们推向一个严重的恐慌震荡期。
因为俄罗斯前双面特工的莫名中毒事件，西方把矛头一致指向俄罗斯。英国抢先下手驱逐俄罗斯23名外交官，西方主要大国随即表态为英国站队。然而，事态扩大的势头并没有就止打住。26日，美国政府宣布，将驱逐60多名俄罗斯外交官，关闭俄驻西雅图领馆。而到目前，至少已经有21个欧洲国家宣布将驱逐数量不等的俄罗斯外交官。
这意味着，在对付俄罗斯问题上，西方国家展示了空前的团结；同时也意味着，美国重量级智囊布热津斯基生前曾提出的“构建‘大西方’以制衡‘新东方’的构想”，正在俄罗斯身上应验。
伴随着特朗普上台，美国与欧洲国家在多个领域产生矛盾，欧洲主要大国领导人也在不同场合公开批评美国，甚至扬言欧洲要走自己的道路，“美欧分道扬镳”的舆论曾经喧嚣一时。现在看来，这些舆论过度放大了美欧在具体问题上的冲突与分歧，忽视了西方在意识形态和根本立场上的一致性，低估了西方作为一个整体阵营“粘性”。
其实，苏联解体后，俄罗斯最大的失误就在于一部分精英阶层过分地轻信了美西方的承诺和忽悠，认为俄罗斯已经摒弃了前苏联的政治制度，就可以投向西方阵营，“排座座，吃果果”了——俄罗斯当年被接纳为“七国集团”大国俱乐部时，曾让一些人欢欣鼓舞。然而，西方国家对俄罗斯的固化认知并没有改变，俄罗斯始终是资本主义阵营中的一只“白乌鸦”。西方认为，基于历史、文化、传统等，俄罗斯难以成为真正民主、自由、法制的国家；俄罗斯外交传统上带有扩张性，因此将长期是美国和西方的威胁；必须利用一切机遇和可能弱化俄罗斯，使它不能东山再起，不能对美国和西方重新构成真正的挑战。由此，“限俄、弱俄”甚至灭俄，成为西方对俄战略的主基调。
事实上，不仅对俄罗斯如此，对于其他新兴经济体，美国以及西方国家的立场也并无二致。所有非西方阵营国家的发展壮大，均被视为对它们所主导的国际体系的冲击，均被它们认为威胁到了西方的基本制度和历史形成的霸权收益。为此，美国直接给中国送上了“修正主义大国”的帽子，以“新帝国主义列强”来进行抹黑中国。就在对俄罗斯外交打压的同时，美国还直接发动了针对中国的贸易战。美国军方甚至鼓吹能够同时打赢对俄罗斯和中国的战争。
美国和西方之所以拼命遏制新兴经济体的崛起，是因为在他们的眼里，这些国家就个“异类”，而不是WASP（WASP—White Anglo-Saxon Protestant即白人盎格鲁-撒克逊新教徒）。基于近代数百年西方控制主导世界的历史，它们总觉得这个世界就应该由WASP所控制和主导——任何威胁到这一群体“至高无上”地位的国家，都被视为对整个西方的挑战。群起而攻之，是它们对待一切新兴国家的既定战略。无论什么话题，都可以被美国用作协调西方一致打压新兴国家的借口。
也正是因为上述原因，当世界潮流不可抵制地出现东升西降的趋势、新的力量中心不断成长之际，整个西方陷入空前的焦虑。美国直接祭起“大国战略竞争”的大旗，向中国、俄罗斯发起攻势，从政治、经济、外交、军事等多个领域全面发力。最近发生的事情表明，美国已经开始纠集队伍，吹响了西方一致行动的集结号。
最突出的例子就是，美国最初宣布对钢铝产品加征关税时，国际舆论曾一度认为这一举动殃及了它的主要盟友伙伴，但美国的做法却是直接豁免了一些国家，并提出只要有关国家跟随美国对中国采取措施，也可以获得豁免——这就清楚地表明，在美国眼里，唯一的目标就是中国。至于它与伙伴的矛盾，可以通过一个阵营内部的协调解决。
显然，美国的做法就是要整合、凝聚维护西方霸权的“统一阵线”，通过一致的行动挽救和避免WASP没落的前景。
为此，美国和西方的行为，已经无视和践踏了国际基本规则。它可以随意以“莫须有”的借口对他国实施制裁。就拿俄罗斯特工中毒安来说，在相关的事实完全没有调查清楚之前，就采取了直接驱逐外交官的行动，道理何在？类似的例子，还有东京朝鲜人中毒事件，虽然这一案子至今仍是“罗生门”般的迷团，但美国等国的制裁措施却早已经实施很久了。当前，美国又以不再“经济屈服”为借口，点燃贸易战烽火，同样是一个可笑而荒唐的理由——长期以来，只有美国薅他国的羊毛，美国何曾对别国有过“经济屈服”？“欲加之罪，何患无辞”，这就是美国的逻辑。
在世界局势进入关键转折时刻，西方国家集结在美国的旗帜下展开非理性行动，这是一个十分危险的动向，整个世界极有可能会被它们推向一个严重的恐慌震荡期，这将严重威胁到世界的发展和稳定。最后的结果就是，不止是西方国家自己要跳崖，而是它们推着各国一起掉进悬崖。
这就需要更多国家一起努力，打破西方利用霸权统一战线控制世界的图谋。毕竟，在这个世界上，除了追随美国的那些小马仔，有谁还会甘心情愿接受一个骑在自己脖子上作威作福的太上皇呢？
"
http://news.ifeng.com/a/20180328/57124711_0.shtml,特朗普终止对利比里亚移民的保护 限1年离开美国_凤凰资讯,2018年03月28日 13:13:11,"原标题：特朗普终止对利比里亚移民“特殊保护” 限期一年离开
【环球网综合报道】据法新社3月28日报道，27日，美国总统唐纳德·特朗普决定终止对数千名在美国的利比里亚移民的受保护身份，并要求他们在一年内离开美国。
这是特朗普政府近期一次新举动，此前，已有逾25万名萨尔瓦多人、海地人和尼加拉瓜人在美国政府优先打击非法移民的政策下失去了受保护身份。
1991年，当西非国家陷入内战时，居住在美国的一些利比里亚人被赋予“临时保护地位”(Temporary Protected Status)，让他们能够安全地生活在美国。1999年，时任美国总统的比尔·克林顿批准近1万利比里亚人“递延强制离境”(DED)的资格，允许他们继续在美国生活。随后，美国前总统布什(George W. Bush)和奥巴马也定期更新利比里亚人的DED资格。
据报道，特朗普对移民普遍采取强硬态度。最新的宽限期截止日期为3月31日，但他在给国土安全部的信函中表示，他将给予利比里亚人12个月的“过渡期”来筹备离开美国事宜。特朗普写道：“通过与有关行政部门和机构以及顾问进行磋商，我获悉利比里亚国内的情况已有所改善。利比里亚不再经历武装冲突，并在恢复稳定和民主治理方面取得了重大进展。”
特朗普承认，2014年西非埃博拉病毒爆发给利比里亚带来了“惨痛的生命损失和经济损失”。利比里亚是历经多年内战后世界上最贫穷的国家之一。但他对利比里亚在治疗埃博拉病毒所取得的进展表示满意。
报道称，目前还不清楚最初获得DED资格的1万名利比里亚人中有多少人已经死亡，已自愿回国或被授予另一种形式的美国合法居住权，但其余的利比里亚人将面临不确定的未来。 
"
http://news.ifeng.com/a/20180328/57124696_0.shtml,它才是一日三餐最重要的食物，但99%的人忽略了_凤凰资讯,2018年03月28日 13:12:51,"它才是一日三餐最重要的食物，但99%的人忽略了
每个人都有自己钟爱的或者说安抚心情的食物。对大多数人来说，可能是小甜品、祖母亲手制作的美食、零食甚至是一些垃圾食品……
但是大部分人都忽略的一点：无论是否吃素，很多人每天都吃谷物、蔬菜和水果，却偏偏忽略了一类食材——豆类。
春季，新鲜豆类大量上市
时令的鲜豆又嫩又香
正是营养品质最佳的时期
豆类能够提供丰富的维他命和矿物质，包括铁元素、镁元素、锌元素、钾元素、维他命B和叶酸，少油脂、不含胆固醇。它们也含有丰富的蛋白质，这是一种可以促进身体健康、保持正常消化排泄的物质。
因此，学会吃豆非常重要！
红豆
补血强心我最强
自我介绍：         我有圆滚滚的身体和一个白白的可爱小嘴，长年披着红色的外衣。我钟爱女性朋友，不论是蒸、煮、炖，我都能很好地发挥出自己的优势。薏米、莲藕、莲子和芋头都是我的好朋友。
专家点评：         红豆是豆类家族中“颜值”最高的，而且还是一个内外兼修的“女子”。
红豆富含钾和膳食纤维，是粗粮家族中名副其实的一员，对润肠通便有一定功效。它消肿利尿、补血强心样样行，女性朋友多和红豆打交道，能使皮肤越来越年轻哦。
红豆中含有丰富的维生素和矿物质等营养元素，尤其是B族维生素，正好能够弥补精白米的营养缺陷，是大米的最佳拍档。此外，红豆也是熬粥的好食材，不但能为米饭或粥增添色彩，还能大大提升了它们的营养价值呢。
推荐：红豆紫米汤
将红豆20克及紫米20克洗净浸过夜，将浸泡的水倒掉加入新水煮熟，再以小火煮至熟透即可，食用时可加入适量蜂蜜。
黄豆
补充蛋白质我最棒
自我介绍：         我有着黄色的朴素外表，身上的“铠甲”没那么厚，很好相处。在日常的餐桌上，你基本都能看到我。黄豆炖猪蹄、豆腐、豆浆等，都有我的功劳。我是黄豆，我骄傲！
专家点评：         黄豆是豆类家族中最特殊的一位！其他豆的主要优势是淀粉，也就是作为粮食，而黄豆的优势却在蛋白质，它具有最优质的植物蛋白，有肉的特质。黄豆不仅蛋白质含量高，而且氨基酸比例得当。
其中所含的卵磷脂还是大脑细胞的重要组成部分，是健脑补脑的好宝贝！建议宝妈们多给孩子服食，对孩子的大脑发育和智力增长很有好处哦。此外，黄豆中的植物固醇还能降低人体胆固醇，减少动脉硬化的发生。
推荐：黄豆猪脚汤
1.猪蹄用沸水烫后洗净，刮去老皮，加清水煮沸，撇去浮沫。
2.加绍酒、葱及用清水浸泡过1小时的黄豆，中火35分钟，加盐、味精调味，再高火15分钟即可。
不过，吃黄豆最让人头疼的莫过于其中含有的大豆低聚糖和膳食纤维会让人感觉胀气，不停放屁。那么，该如何去除黄豆中的胀气因子呢？
建议：在食用黄豆前先浸泡几个小时，而后制成豆浆，或者自己在家用黄豆发豆芽吃，不仅能解决胀气的问题，还能增加维生素C的摄入。
绿豆
清热解毒小能手
自我介绍：         我的个头很小，披着绿色的外衣，像一颗颗小珠子。别看我个儿小，可我浑身都是宝。中医古籍《本草求真》上还记载过我呢！“绿豆味甘性寒，据书备极称善，有言能厚肠胃、润皮肤、和五脏及资脾胃”。
专家点评：         大家常常把绿豆和消暑挂钩，其实绿豆除了消暑外，还有三大法宝——抗菌、清热、解毒。
绿豆皮内肉质部分的主要成分是淀粉和蛋白质，而绿豆皮中则含有不少抗氧化物质，而且绿豆皮是属寒性的，其清热解毒的效果要比绿豆的肉质部分更好。因此，绿豆的优势主要体现在皮上。
推荐：绿豆汤
绿豆浸泡2小时，锅中清水，加入绿豆，大火煮开后，改小火，煮至绿豆开花后关火，可调入适量的白糖食用。
注意：大家在熬绿豆汤时，如果想要清热解毒的效果更好，千万别煮的时间太长而使皮脱离肉，煮到绿豆刚刚“开花”就正好。不过，脾胃虚寒、容易腹泻的人不适合长期吃哦！
黑豆
补肾找我准没错
自我介绍：         我是豆类家族中的黑美人，肤色虽然不招人待见，但保健功效一级棒，大家可别以貌取豆嫌弃我哟。
专家点评：         黑豆黑黑的“皮肤”中含有对女性非常有益的花青素，而且黑色大家庭中历来都有“黑色入肾”的说法，经常食用黑豆，对男性而言也大有裨益。
推荐：醋泡黑豆
用中火炒干黑豆中的水分，炒至表皮裂开，冷却后倒入香醋淹没黑豆，密封冷藏七天后即可食用。
黑豆和黄豆类似，也可经常被用来做豆腐或者打豆浆，只要睡前将黑豆泡上大约7~8小时，第二天早上醒来之前放到豆浆机里打汁就可以了，非常方便。
豌豆
精神减压我第一
自我介绍：         我也是一个有个性的人，别的豆子都是干的，我是鲜的，口感软绵。如果说别的豆子是粮食的话，我就是一种蔬菜。和绿豆不同，我通体都是绿色的，常常能为餐盘增添不一样的颜色。
专家点评：         豌豆虽然是蔬菜，但蛋白质含量很合格，和同等重量的豆腐差不多。此外，B族维生素含量高是豌豆的优势，它的钾和胡萝卜素含量也很高。         对于容易缺乏B族维生素和学习压力大的人来说，多吃豌豆能起到很好的改善作用。
春吃豆，胜吃肉
民间有“五谷宜为养，失豆则不良”的说法，指吃五谷杂粮能养生，但不吃豆类会使营养失衡，五谷杂粮需要和豆类搭配食用才能更好地发挥作用。
谷豆搭配
相当于吃肉
谷物包括米、面等，它们的赖氨酸含量低，而豆类中含量高。相反地，谷类中的蛋氨酸含量高，而豆类中较少。这样搭配起来，就发生了奇妙的氨基酸“互补作用”，1+1＞2，大大提高了人体对蛋白质的吸收率，这就是“米饭加豆等于吃肉”说法的来源。
不妨在煮粥或蒸米饭时加些豆子，做成红豆饭、黄豆饭、红豆糯米团等，不但香味更加浓郁，营养也更全面。按照2份谷物配1份豆类的比例来吃，可以毫不浪费地摄取氨基酸哦。
豆肉搭配
解腻效果好
有一种说法是豆类与猪肉不宜搭配，因为豆中的植酸含量很高，会影响人体对肉中钙、铁、锌等矿物质的吸收。其实，豆类经过烹饪后，植酸的含量已经降到很低很低了，几乎不会影响人体对矿物质的吸收。
豆类和肉类搭配，既增加了蛋白质的摄入，又减少了脂肪和胆固醇的摄入，荤素搭配，物美价廉，营养又美味。
豆豆搭配
做饭最省心
同属豆类，但是不同的豆类，它们的外表和“内涵”都有所不同，所以也要搭配着吃。
绿豆清热解毒，红豆补血养心，黑豆补肾……每种豆都身怀绝技，它们联起手来，就能组成一个实力雄厚的团队，可以让它们组队参加熬杂粮粥、做杂粮饭、喝杂粮豆浆等活动。而且豆豆们从生到熟所需的时长都差不多，可以同时操作，烹饪起来很省心。
当然，豆和豆的搭配，膳食纤维非常充足，肠胃不好的人要把握好食用量，注意粗细粮搭配的比例。
看完这些，是不是觉得以前太浪费了呢？原来豆类那么好，从今天起，要每天都吃一点豆类，全家都健康！转告更多朋友吧~
来源:健康圈(ID:amy6562)
"
http://news.ifeng.com/a/20180328/57124684_0.shtml,“偏科生”宝玉最易成才？父亲贾政为何没教好_凤凰资讯,2018年03月28日 13:09:03,"贾宝玉不爱读书，这是众所周知的，也是林黛玉在与贾宝玉初次见面之前就知晓的。
《红楼梦》第三回中说：“黛玉素闻母亲说过，有个内侄乃衔玉而生，顽劣异常，不喜读书，最喜在内帏厮混；外祖母又溺爱，无人敢管。”这里所谓的“不喜读书”的“书”，主要指的就是《四书》等儒家正经学问。
然而，贾宝玉虽不喜欢读《四书》，但他对
却是非常推崇的，也是比较熟悉的。第一次见面，当宝玉得知黛玉有名无字，便随口送了“颦颦”二字，还解释说是出自《古今人物通考》。探春妹妹笑他“只恐又是你杜撰”时，他说：“除‘四书’外，杜撰的甚多。”从这一段故事可以看出，宝玉虽不喜《四书》，但对《四书》内容的可信度和文化价值是极为肯定的。同时，也可以看出宝玉读书是有自己的评价标准和心得的。
袭人是宝玉的贴身大丫头，《红楼梦》第十九回中，也通过袭人之口，展现了宝玉平时对书的态度和评价。在这一回，袭人对贾宝玉痛下规箴：“凡读书上进的人，你就起个名字叫他‘禄蠹’。又说只除‘明明德’外无书，都是前人自己不能解圣人之书，便另出己意，混编纂出来的话。怎么怨得老爷不生气，不时时打你？叫别人怎么想你？”宝玉认为“除‘明明德’外无书”，“明明德”是《大学》一书开头第一句。这段话说，在宝玉看来，除《大学》等儒家经典之外，后世儒家的注解和著述基本不值得读。
第七十三回写道，当宝玉得知贾政将要对他的学问进行盘考时，便连夜打算起来：“肚子里现可背诵的，不过只有《学》《庸》《二论》还背得出来。至上本《孟子》，就有一半是夹生的，若凭空提一句，断不能背的；至下《孟子》，就有大半生的。算起《五经》来，因近来做诗，常把《五经》集些，虽不甚熟，还可塞责的。”《学》《庸》《二论》分别指《大学》《中庸》《论语》（因为《论语》分上下两本，故称为《二论》），可见，宝玉对这三部经典是能通本背诵的，至于《孟子》，虽不能全背，但也是可以部分背诵的。另外，对于《五经》，宝玉也是有一定熟悉程度的。
《红楼梦》第九回说到，宝玉来见贾政，报告要去上学。贾政先是对宝玉一阵冷嘲热讽，然后责问宝玉身边的小厮李贵：“你们连日跟他上学，他到底念了些什么书？倒念了些胡言混语在肚里，学了些精致的淘气。”李贵回答说：“哥儿已念到第三本《诗经》，什么‘呦呦鹿鸣，荷叶浮萍’……”，惹的满座哄然大笑。贾政说：“哪怕再念三十本《诗经》，也是掩耳盗铃，哄人耳目。你去请学里太爷的安，就说我说的：什么《诗经》古文，一概不用虚应故事，先把‘四书’讲明背熟，是最要紧的。”
从这段故事可以看出，贾政是一位以科举考试为中心的读书功利论者，要考的书一定要读好，不考的就不要浪费时间去读。其实，“诗教”是儒家的传统，儒生作诗原本是正途，只是明清之际科举考试补考诗词，才有贾政这种十足的功利主义读书论者出现。
贾府的家塾是专门教学生读了
的。从贾宝玉的阅读喜好来看，《诗经》贴近人民生活的朴实内容、饱含情感的文辞，以及偏向文学性的特征，自然也是他喜欢阅读的读物。《红楼梦》第十七回写众人在大观园游览，走到稻香村时，贾政喜欢此处朴素无华，有农家风貌。宝玉却觉得“分明是人工造作而成”，“终不相宜”。贾政大怒，命他作出一联，“若不通，一并打嘴”。宝玉顺口吟到：“新绿涨添浣葛处，好云香护采芹人。”“浣葛”典出《诗经·葛覃》。“采芹”也是出自《诗经·鲁颂》中的：“思乐泮水，薄采其芹。”在父亲的严威下，宝玉还能轻易借鉴《诗经》中的内容，可见他对《诗经》的熟悉程度。
说贾宝玉不喜欢读书，其实并不准确。细读《红楼梦》就会发现，贾宝玉在读书方面有着非常明显的偏向，用现在的话说，类似于“偏科”。他不喜欢读的是那些科举考试要求的“正经书籍”，而钟情于那些能表现人的真性情的诗词歌赋和市井文学。
《红楼梦》第五回里，宝玉随贾母等在宁府家宴赏梅，饭后宝玉要睡中觉。秦可卿引他来到一间房子。这间房室宇精美、铺陈华丽，可是当宝玉看到《燃藜图》和“世事洞明皆学问，人情练达即文章”这两句时，便不肯在这里了，立刻要求“快出去”。等移到秦可卿的卧室，看到唐伯虎的《海棠春睡图》和“嫩寒锁梦因春冷，芳气袭人是酒香”的对联时，宝玉这才含笑连声说：“这里好！这里好！”这段故事清楚地表现了宝玉的好恶，不喜欢“洞明世事”“练达人情”的学问，而倾心于表达情感的文章。
宝玉平素在
方面是用功最多、最勤的，这从书中很多地方都可以看出来。第十七回写“大观园试才题对额”，宝玉跟在父亲贾政和一些老儒的身旁，他为园内各处精致楼宇题名、拟对、作诗，才思敏捷，对很多诗文信手拈来。比如唐寅的“红杏梢头挂酒旗”，左思的《吴都赋》和《蜀都赋》等。这一节，宝玉直接说出的书籍还有《离骚》和《文选》。
第二十三回，贾政偶然听到袭人的名字，怒问“是谁起这样刁钻名字”。宝玉承认：“因素日读诗，曾记古人有句诗云：‘花气袭人知昼暖’，因这丫头姓花，便随意起的。”第七十八回，宝玉为死去的晴雯作《芙蓉女儿诔》，前序后歌，感人至深，也表现出了宝玉的诗歌才华。用他自己的话说，这篇长歌是“帅楚人之大言，《招魂》《离骚》《九辨》《枯树》《问难》《秋水》《大人先生传》等法，或杂参单句，或偶成短联，或用实典，或设譬寓，随意所之，信笔而去。”这些内容从不同侧面都反映出宝玉对诗词歌赋的热爱和熟悉。
《红楼梦》第二十一回说，一日，宝玉和袭人等人闹别扭，自己不出房门，闷闷的，便看了一回《南华经》。
《南华经》即《庄子》，是道家学派代表人物庄子的著作。这部书的思想和儒家的说法是对立的，并不劝人成圣成贤、追求治国平天下的理想。因此，当宝玉看了《胠箧》中的一段：“故绝圣弃智，大盗乃止；擿玉毁珠，小盗不起。焚符破玺，而民朴鄙；剖斗折衡，而民不争；殚残天下之圣法，而民始可与论议。擢乱六律，铄绝竽瑟，塞瞽旷之耳，而天下始人含其聪矣；灭文章，散五彩，胶离朱之目，而天下始人含其明矣;毁绝钩绳，而弃规矩，攦工倕之指，而天下始人含其巧矣”之后，便觉得“意趣洋洋”，并且还趁着酒兴续写了一段。可见，《庄子》一书是对上了宝玉读书的“胃口”，以致在烦闷时，会拿出来“看上一回”。
第二十二回写贾宝玉怕黛玉和湘云二人因一句玩笑闹出嫌隙来，故在中间调停，不料他自己反落了两处的贬谤。因此便联想到《庄子》中的内容：“巧者劳而知者忧，无能者无所求。饱食而遨游，泛若不系之舟”，以及“山木自寇，源泉自盗”等话来。《庄子》中的道理贾宝玉应是最易于理解的。
《红楼梦》第二十二回写贾宝玉得罪林黛玉和史湘云，心情烦闷，在想到《庄子》一书中的一些内容之后，便和袭人说了一些消极的话，如“与我什么相干？”“也与我无干。”“我只是赤条条无牵挂的”等话，随即“不禁大哭起来，翻身站起来，至案边，提笔立占一偈云：你证我证，心证意证。是无有证,斯可云证。无可云证,是立足境。”
之后，黛玉和宝钗看到宝玉的写的偈，怕他被那些道书机锋“移性”，便决定“打压”一下他。黛玉问的是：“宝玉，我问你：至贵者宝，至坚者玉。尔有何宝？而有何玉？”宝玉竟不能答。
宝钗这时候也引用了《坛经》上那个著名的公案：五祖的弟子神秀和慧能各作的那个偈子。神秀作得是：“身是菩提树，心如明镜台，时时勤拂拭，莫使染尘埃”。慧能作的是：“菩提本无树，明镜亦非台。本来无一物，何处惹尘埃”。后面说到，“宝玉自己以为觉悟，不想忽被黛玉一问，竟不能答；宝钗又比出‘语录’来……”宝玉知道宝钗说的是禅宗语录。从这里可以看出，不只宝玉，黛玉、宝钗对《六祖坛经》也都是熟读的。
《红楼梦》第二十三回“西厢记妙词通戏语牡丹亭艳曲警芳心”写到，贾宝玉在大观园内或读书，或写字，或弹琴下棋，作画吟诗，不想静中生动，忽一日，不自在起来，这也不好，那也不好，出来进去，只是闷闷的。他的小厮茗烟“便走去到书坊内，把那古今小说，并那飞燕、合德、武则天、杨贵妃的外传与那传奇角本，买了许多来引宝玉看。宝玉一见，如得珍宝”。
茗烟从外面搞来的这些书就是古代正经读书人视为的“禁书”。他怕被人发现，便不让宝玉拿到园子里去。宝玉还是选了一些文理雅道的放在床头，无人时看；那粗俗过露的，都藏于外面书房内。《红楼梦》紧接着写到，宝玉携了一套《会真记》，在沁芳闸桥边桃花底下一块石头上坐下来，“展开《会真记》，从头细看”。之后，林黛玉来了，发现宝玉在她面前“弄鬼”，非要看宝玉的书，宝玉只得顺从。他对黛玉说，“真正这是好文章！你若看了，连饭也不想吃呢。”这里的《会真记》，据专家考证是元代王实甫的杂剧《西厢记》，是贾宝玉认为的读起来连饭也不想吃的书。
白先勇先生就认为，茗烟从外面帮贾宝玉找来的这些杂书中，有两本很重要的书，一本是《西厢记》，一本是《牡丹亭》。白先勇还说：“《西厢记》《牡丹亭》《红楼梦》，这一串起来，就是中国浪漫文学这一道长河中的几个高峰”贾宝玉是浪漫文学的追寻者，自然对《西厢记》《牡丹亭》这类书爱不释手。那么，同样可以说，如果一部《红楼梦》摆在贾宝玉的面前，他也会视为珍宝的。
《红楼梦》在第七十三回还提到，贾宝玉曾读过《左传》《国策》《公羊》《谷梁》，汉、唐等文，但不过是“一时之兴，随看随忘，未曾下苦工夫……”所以，贾宝玉的阅读范围内主要包括上述六种书籍。
从贾宝玉所处的时代来看，如果说《四书》和《五经》是教科书和正经书，那么，《诗经》和古典诗词等就是课外书和闲书，而《西厢记》就更是禁书了。显然，宝玉是个厌恶教科书、喜爱课外书、钟情禁书的学生。这样的学生在现代教育体制下也不是孤例。
有家长就曾这样描述过自己孩子的情况：
“孩子就喜欢看书，坐公交也看，在家也看，有时候放学回来先看小说，不做作业。孩子看了很多书之后，也确实发现，作文水平提高比较快，词汇非常准确，可是其他功课也有点落下，我给规定了不写完作业不能看课外书，她就匆忙糊弄写完了赶紧去看书，结果英语考试单词都写不出来，我曾经一生气就没收了她的课外书，可她还是偷偷摸摸地看。”
看来这个学生家长在教育孩子方面的困惑应该不比宝玉的爸爸贾政少。沉迷课外阅读，荒废正式学业，固然是学生教育的一个问题，然而受正式课业挤压，学生缺乏课外阅读的时间和习惯，却是更为普遍的问题。一项调查表明，59.2%的学生只用很少的一部分时间来阅读课外书籍，甚至有6.2%的学生阅读时间为零，只有12.3%的学生花在阅读方面的时间比较多。
有一位妈妈就说，在孩子上学之前，她一直坚持给孩子读各种故事，也有意识地培养孩子的阅读习惯。但是，自从上学以后，孩子阅读的时间被一点点地挤掉了，又要完成学校的作业，又要保证孩子睡眠，只能有所取舍了。
以上只是说明了两种情况。如果从“不爱读教科书—爱读教科书”和“不爱读课外书—爱读课外书”，这两个维度综合来分析，那么所有的学生大致可以分为四种类型：
第一种类型，既不爱读教科书，也不爱读课外书。比如贾琏、薛蟠。这些学生往往不是调皮捣蛋的，就是愚昧无知的。
第二种类型，只读教科书不读课外书。比如贾政就是这样的。这样的学生可能成绩不错，但是却知识面狭窄，未来的发展潜力不足。
第三种类型，不爱读教科书只爱读课外书。贾宝玉就是如此。这种孩子也许暂时成绩不理想，但还是有希望的。如果对其阅读兴趣能进行有效引导，便很容易成为优秀学生。
第四种类型，爱读教科书又爱读课外书。这样的学生在《红楼梦》中是少见的。但是，在当前的教育环境中却并非难遇。这样的孩子常常是非常优秀的，将来的发展潜力也是无限的。
由此可见，关于读书，读比不读要好；教科书和课外书相辅相成地读，比单纯偏向一边地读要好。
阅读会带给人喜悦感和新鲜感，这些最后都会汇聚成精神上的饥饿感。有了精神上的饥饿感，就有了进一步阅读的不懈动力。
但是，人的发展却是不平衡的，常常存在关键期。一个孩子学习语言、音乐、绘画等都有不同的最佳时间，错过了最佳时间，往往很难补上，所谓“时过然后学，则勤苦而难成”。美国著名生理学家玛莉安·伍尔夫通过研究儿童阅读时的大脑变化发现，儿童阅读是左右大脑两个区域都一起运行的，而过了这个时期，学习语言的能力开始退化，成年人在阅读时，往往只有一个大脑半球在工作。
发展心理学上一般认为，人阅读的关键期在14岁之前。14岁之前的阅读体验，对孩子的成长是至关重要的。有人甚至认为，人生以后的历程，只不过是前面14年所阅读的东西的展开。所以，初中毕业之前最好让孩子有大量阅读经典的体验，并且形成爱阅读的习惯。
对于那些偏向课外书的孩子，老师和家长切不可以为是什么大不了的教育问题，更不可粗暴地直接禁止孩子看课外书。苏联著名教育家苏霍姆林斯基在自己的实际工作中就给了课外阅读非常重要的地位。他认为，教师要始终把握住两套教学大纲：第一套大纲是指学生必须熟记和保持在记忆里的材料；第二套大纲是指课外阅读和其他的资料来源。这两套大纲绝不是相互矛盾的，而是相互促进和补充的。
就贾宝玉来说，他的阅读范围包含了课内和课外两种书籍和知识体系，只是在情感上偏向后者而已。他本质上还是一个爱读书的孩子。
作为父亲，贾政对儿子宝玉的教育是彻底失败的。一开始他就对宝玉的成长带有偏见，固执地坚持“抓周决定论”，看不到孩子成长的变化性、可塑性和可能性。之后，又采取简单粗暴的棍棒教育方法，硬性要求宝玉攻读“四书”，走科举之路，却缺乏对宝玉读书兴趣的有效引导。
因此，从教育学的角度来看，宝玉的“不成才”并非不可避免，主要是教育偏差之故。
 
"
http://news.ifeng.com/a/20180328/57124584_0.shtml,自治区纪委监委公开曝光六起扶贫领域腐败和作风问题典型案件_凤凰资讯,2018年03月28日 13:06:24,"原标题：自治区纪委监委公开曝光六起扶贫领域腐败和作风问题典型案件
"
http://news.ifeng.com/a/20170206/50653796_0.shtml,2017年春季招聘 ，凤凰等你来！_凤凰资讯,2017年02月06日 10:06:35,"岗位描述：
负责凤凰网、凤凰新闻客户端头条的运营工作。
任职要求：
·28岁以下，本科以上，社科、文史类专业「强者不限」；
·英文阅读无障碍，有日、韩、俄、阿拉伯语等特长者更受欢迎；
·喜欢新闻工作，追求专业的新闻态度，有网媒工作经验者优先；
·关注国内外大事件，对网上热点话题敏感；
·有偏好领域「如时政、体育、财经、科技」，有独到见解；
·期望你平日里活泼、工作时认真，能够接受夜班工作。
岗位描述：
负责凤凰新闻可视化的创作，为「大鱼漫画」栏目提供选题和文案。
任职要求：
·要有两把刷子：把文案写得幽默易懂的写作能力，把文案转为可视化产品的想象力；
·关心时事新闻，在新闻领域有自己的一技之长；
·知识涉及面广，思维活跃，就是「脑洞要大」。
岗位描述：
负责凤凰新闻专题、大事件报道的策划和制作。
任职要求：
·热爱时政新闻，对国内外大事件和重要政要的背景知识有深入了解；
·为人正直，做事踏实，执行力强，能接受加班；
·具有基本的美术功底和图片鉴赏能力；
·至少1年的时事报道工作经验。
岗位描述：
凤凰网、凤凰新闻客户端头条的运营工作。
希望你是：
·在校本科生/研究生，无特殊情况能够工作日到岗；
·喜欢新闻，有一定的新闻敏感度；
·工作细致耐心，责任心强，具有团队合作精神。
岗位描述：
和全国各大媒体的一线记者对接合作；参与或独立策划一场直播活动；统筹凤凰网所有频道的直播内容资源；等你来一起探索新的工作。
希望你是：
·良好的人际沟通能力，能让合作方喜欢和你聊；
·有一定的文案功底；
·逻辑严谨，做事思路清晰，积极的学习态度和踏实肯干的敬业精神；
·可以熟练使用视频剪辑软件的加分。
岗位描述：
凤凰图片微博、微信公号的运营工作。
希望你是：
·大学本科在读生，编导、摄影、新闻相关专业优先，熟练使用Ps等软件；
·需要具备一定的新闻编稿能力和选图能力；
·有良好英语阅读能力，能够快速编译外电新闻稿件；
·踏实认真，积极主动，较强的抗压能力；
·实习时间至少3个月，每周5天，特殊时期周末会有值班。
岗位描述：
凤凰图片「在人间」栏目的日常运营工作。
希望你是：
·大学本科或研究生在读，编导、摄影、新闻相关专业优先，熟练使用Ps等软件；
·对社会热点或者新闻事件具有较高的敏感度，能从中挖掘线索策划一个深度图片报道；
·具备良好的选图能力，能对一组图片故事进行相对精细的编辑处理；
·踏实认真，积极主动，较强的抗压能力；
·实习时间至少3个月，每周4天。
岗位描述：
凤凰新闻专题的策划和制作。
希望你是：
·热爱时政新闻，对国内外大事件和重要政要的背景知识有所了解；
·做事踏实，执行力强；
·有基本的审美功底；
·实习时间至少3个月，出勤至少4天/周。
岗位描述：
凤凰新闻可视化产品的选题和文案。
希望你是：
·对时事新闻感兴趣；
·对视觉创新、新闻可视化感兴趣；
·英语翻译能力优秀，能从国外机构和媒体中找到有价值内容的能力；
·实习时间至少3个月，出勤至少4天/周。
岗位描述：
凤凰新闻视频栏目的制作。
希望你是：
·具有团队精神，责任感强，善于沟通，逻辑清晰，能抗压；
·选题写稿信手拈来，静如处子能正经写评论，动如脱兔张口就是段子。
·会基本剪辑，有基本审美，常年逛A站，B站，豆瓣以及国外一些视频网站；
·中英文功底扎实，保证微博微信公众号的日常运营，深谙广大网友喜好，每天出稿花样不断。
岗位描述：
大鱼漫画栏目、HTML5策划的设计和创意。
希望你是：
·熟练使用PS/AI等软件；
·有良好的手绘能力者优先；想从事新闻行业者优先；
·良好的新闻理解能力和沟通能力；
·实习时间至少3个月，出勤至少4天/周。
·谈钱不伤感情，只要你能证明你行；
·五险一金必须有；
·年度递增的年假+说走就走的团队旅行，爱心早餐等福利不要太多；
·一群业务靠谱生活逗比的小伙伴，要深度有深度，要颜值有颜值。
请在邮件标题注明应聘岗位，
请附上证明你行的优秀作品。
"
http://news.ifeng.com/a/20180312/56656261_0.shtml,大鱼漫画：白居易告诉你，怎样在大城市住得容易_数闻画说,2018-03-12  08:41:48," 
"
http://news.ifeng.com/a/20180303/56441219_0.shtml,大鱼漫画：穿越回不同的朝代，你都能吃到什么？_数闻画说,2018-03-03  17:19:23,"《舌尖上的中国》第三季播了
大鱼忍不住想讲讲中华美食
你们知道吗？
在世界各大菜系中
成为独树一帜“万人迷”的中国菜
可足足经过了上万年的“养成”呢
从石器时代人们懂得使用火开始
烹饪便成为生活中不可或缺的一环
根据文物和传说的回溯
在那个最没有工业污染的年代
捕得的水鲜、野兽和采集的草果
再加上试种的五谷和难得的粗盐
就组成了基本的一日三餐
“周代八珍”是专供周天子的宴饮美食
由两道主食六道菜组成
已经包括了肉酱油浇大米饭或黍米饭
煨烤炸炖乳猪、羔羊
烧牛羊鹿里脊、酒糟牛羊肉
五香牛肉干、烧烤肉油烤猪肝等等
丰盛美味的佳肴
此后各个朝代的各种“八珍”
都是效仿“周代八珍”而来
御厨这个令所有吃货心向往之的职位
也是从夏朝开始设置的
这一制度一直沿续到清末
夏商周的各大城市已经是一片
酒肆兴盛、吃货云集的热闹场面
就算是连年征战的春秋战国时期
都没有打破人们对吃吃吃的执念
反倒因为战争带来的频繁迁徙
和铁器牛耕的迅速推广
中国人的烹饪技术飞速提高
铁器牛耕和兴修水利
大大提高了农产品和水产的质量
简直是家畜野味共登盘餐
蔬果五谷俱列食谱
在南方，鱼虾龟蚌第一次登上了
与猪狗牛羊同样重要的位置
更加耐热的铁锅
配合葱姜蒜花椒桂皮儿和猪油牛油
做出的菜肴新颖美味
随着吃货们对所在地特产了解的深入
南北风味的分野出现了
活跃在黄河流域的北菜
主要以猪犬牛羊等家畜为主料
烧烤煮烩后浓香四溢
而长江中下游的南菜
则擅长用淡水鱼鲜辅以野味
用鲜蔬拼配佳果，注重蒸酿煨炖
酸辣中更兼滑甘，并辅以冷食
这种分野便是中国四大菜系的雏型
秦汉魏晋南北朝的近千年间
农业、手工业、商业发展迅速
吃货们已经不满足于只吃当地菜了
在张骞的带领下把锅铲子伸向了西域
黄瓜等新蔬果上了食谱
豆腐和其衍生物也在汉代被发明出来
最重要的是，来自西域的芝麻
终于让吃货们吃上了便宜美味的植物油
轻薄多样的锅釜、锋利轻巧的刀具
烟道曲长的台灶、掌控便利的煤窑
还有首次出现的围裙和护袖
种种装备让厨师如鱼得水
带来了汉魏六朝昌盛的筵宴风气
在文学作品中留下了浓墨重彩的描写
例如汉代辞赋家枚乘的《七发》中
描述的宴席极尽奢美
令人垂涎欲滴
食物的味道越做越鲜美
吃货们开始发展菜品的色、香、形
用栀子花和苏木汁染色
用枣桂添香、用蜂蜜助味
用牛奶与芝麻油和面
用蛋黄上浆，用酥雕造型
还出现了大量系统的饮食书籍
例如《淮南王食经》《食论》等等
为后世菜谱的编写提供了借鉴
随着隋朝再次统一全中国
中国烹饪进入了新的发展高潮
自公元589年隋朝统一全国
到公元1368年元朝结束
隋唐北宋强大的国力
南宋贪图享乐的君臣朝廷
元朝多元化的民族融合
给中华美食的发展猛推了一把
随着海陆丝绸之路的铺开
和近海捕捞业的发展
人们发现大自然又给了一拨馈赠
菠菜等新菜和海蜇玳瑁对虾等海产
爬上了人们的餐桌
加上各地引进的特产调味料
各种新的油、茶、酒
还有新型的炉灶和华丽的瓷器
隋唐五代宋金元的饮食
已经能够称得上是艺术品
六格大蒸笼，精致铜火锅
白瓷黑瓷汝窑瓷釉里红青花瓷
还有金银玉制的餐具
逐渐把陶铁漆制餐具赶下了餐桌
食雕冷拼和造型大菜的工艺菜式
从先秦的“雕卵”到汉魏的“雕酥油”
再到唐宋的雕瓜果、雕蜜饯
和“玲珑牡丹”“遍地锦装鳖”等等
共同装点着这一时期的餐桌
值得一提的是，隋唐宋元时期
地方风味成了不少餐馆的招牌菜
""胡食""、""北食""、""南食""、川味""
花样繁多，琳琅满目
尤其是异族风情的“胡食”
与清真菜有一定渊源
明清两朝虽然只有五百多年
但商品经济的发展
和频繁的对外交流
让饮食文化如鱼得水
尤其是以满汉全席为标志的大宴
和盛行的宫廷菜、官府菜
让中国获得了“烹饪王国”的美誉
由于食源充裕
吃货们又给食材归了类
这回可不是简单的“五味”“五谷”
而是华丽丽的各种“八珍”
山八珍水八珍禽八珍草八珍
吃上一个月都不带重样的
再加上更为豪华的金银玉牙餐具
把食材玩出花儿的烹调方法
中华美食彻底变成一种艺术
时间进入中华民国时期
外来的侵略和国内的动荡
让中国烹饪染上苦中作乐的意味
味精、果酱等工业生产的新食料
对传统烹调工艺产生了冲击
要说最著名的想必是
味精对传统高汤的取代
有些制菜规程也相应有所改变
与此同时，在外国人聚集的城市
例如北上广、青岛、哈尔滨、南京
西餐馆和“东洋料理店”开始出现
中国厨师创造的“中式西菜”
采用国内原料、进口调料
中西合璧，别有一番风味
此外，去除宫廷形式主义的仿膳菜
也慢慢出现在了北京小康市民的餐桌上
而在被称作“十里洋场”的上海
沪菜吸收了全国各大菜系和西餐的精华
充满新意，顿时迎头赶上
和走出四川的川菜一起
成为中国烹饪不可或缺的一部分
都说中国历史有上下五千年
但中国的烹饪史何止五千年
吃，原本是一种生存欲望
慢慢发展成为一种文化乃至艺术
这一切都脱不开中国吃货孜孜不倦的探索
大鱼终于可以放心地说一句
“我是吃货，我骄傲！”
 
"
http://news.ifeng.com/a/20180224/56237992_0.shtml,大鱼漫画：如何在冬奥会做一个合格的吃冰群众_数闻画说,2018-02-24  11:22:37," 
 
"
http://news.ifeng.com/a/20180328/57119291_0.shtml,160亿美元的学费白交了！美国最新战舰又跑偏了_凤凰军评,2018-03-28  09:33:48,"凤凰军事 凤凰网军评 3月28日
根据美国USNI News、The National Interest和MarineLink报道，美国海军正式确认“伯克”3型驱逐舰的设计建造方案。在第一阶段的采购计划中，美国海军将向英格尔斯工业公司和巴斯钢铁公司订购22艘“伯克”3。美国终于在花费160亿美元采购了32艘“不知所云”的濒海战斗舰后回归了正途，但“伯克”3的一项时髦装备却显示这款核心战舰又跑偏了。
相比目前仍在不断建成服役的“伯克”2A，首批“伯克”3承担了很多技术验证任务，其中包括诺斯罗普格鲁曼公司的AN/SPQ-9B X波段轻型追踪雷达、洛马公司的LaWS舰载高能激光武器系统和劳斯莱斯公司的4兆瓦/4160伏特发电机（与DDG-1000朱姆沃尔特级驱逐舰相同）。按照现有计划，在2019年完成最后3艘“伯克”2A交付后，英格尔斯和巴斯钢铁将全速生产“伯克”3，预计每年交付4艘，到2027年美海军的“伯克”舰将达97艘。
除此之外，按照“伯克”3的远期规划，美国海军可能在第二阶段采购中追加11艘“伯克”3订单，此时“伯克”3将系统加装防空指挥中心，将取代退役的“提康德罗加”级巡洋舰。但相比此前的任何驱逐舰，“伯克”3的最大亮点还是首次装备了LaWS舰载高能激光武器系统，成为世界首款装备激光武器的战舰。尽管“伯克”2A就已拆除了舰艏的“密集阵”近防炮，但此次装备LaWS舰载激光武器却预示美国在这款新舰上跑偏了。
与美军在“伯克”级驱逐舰上舍弃舰艏“密集阵”近防炮不同，中国不仅在054A上用1130近防炮取代了此前的730近防炮，而且1130近防炮也出现了最新的055型“万吨大驱”上。未来1130很可能成为中国海军护卫舰以上战舰的标准近防系统。尽管中国海军正逐渐由师从俄罗斯转向师从美国，但两国海军主力驱逐舰对近防系统截然不同的态度，来源与两国对未来战舰威胁的不同理解，而中国的理解更加正确，这在《红海行动》中有所体现。
在《红海行动》中，054A的1130近防系统摧毁了多枚来袭火箭弹，如果剧情需要，很可能还会摧毁自杀小艇。相比之下，尽管LaWS舰载激光武器系统的作战对象是拦截低空小型目标与对付武装快艇，但作为点状打击武器，LaWS的面状拦截效率无法与射速近万发的1130相比。如果面对火箭弹、自杀小艇等多种弹药的多批次攻击，LaWS+“密集阵”的组合很难提供比1130更好的拦截效率，此时激光武器在理论上的技术优势将沦为鸡肋。
而且LaWS作为战舰近防系统，它的服役颠覆“密集阵”代表的美式近防系统的核心理念。在研发“密集阵”系统之初，美国海军要求该系统不占用过多战舰电力，不占用战舰内部空间，能够根据实际需要灵活增加部署数量与位置。相比“密集阵”这种“不给战舰添麻烦”的理念，LaWS不仅挤占了“密集阵”阵位，还需专门加装4兆瓦/4160伏特发电机，这不仅增加了战舰内部的复杂程度，甚至还会挤占战舰部署其他装备的内部空间。
在美军中，用先进装备取代火炮的案例不在少数，其中最具代表性的就是在越战时期取消了F4战机的航炮，迷信空空导弹能完成所有空战。但事实却因早期导弹的性能局限，以及没有航炮造成的格斗短板在实战中损失惨重，最终不得不以削减航电为代价加装航炮。LaWS作为全新的舰载激光武器与当初的空空导弹类似。验证未成熟的新技术不能以放弃关键的传统技术为代价，否则“伯克”3很可能像当初的F4战机一样在实战中付出惨重代价。
美国海军由迷恋DDG1000与濒海战斗舰，转而决定采购“伯克”3，这是由务虚转向务实的进步。但迷信技术的美国海军却忍不住在“伯克”3这款务实的战舰上采用LaWS这类务虚的装备。美国在装备可靠性、先进技术与现实需求之间的摇摆得失，对后发国家的借鉴意义不言而喻。（凤凰军事 凤凰网军评 刘畅）
"
http://news.ifeng.com/a/20180327/57087139_0.shtml,巴铁引进歼31的硬指标是突袭该国 注意！不是印度_凤凰军评,2018-03-27  09:11:01,"凤凰军事 凤凰网军评 3月27日
3月22日，胡塞武装再次宣称击落1架沙特空军的F15战机。这则消息却让小编想到了另一个看似八杆子打不到的问题，那就是巴基斯坦明明急需隐身战机，却迟迟不选择中国的歼31。而除了沙特，上世纪80年代一场隐秘的“纸上谈兵”使另一个强国也成为影响巴基斯坦对歼31态度的关键，那就是以色列。
在伊斯兰国家中，叙利亚、埃及始终奋战在对抗以色列的第一线，沙特则是高调发财，周济兄弟的金主。相比之下，巴基斯坦始终与印度对抗，并未参与到兄弟们的中东之战中。但实际上，在伊斯兰国家的整体军事力量中，巴基斯坦扮演着相当重要的角色。除了巴基斯坦是唯一一个拥有核武器的伊斯兰国家外，该国还保有伊斯兰世界中最丰富的反恐、装备研发与训练经验。因此长期以来形成了兄弟出钱，巴基斯坦出技术、经验的模式。
在巴基斯坦军军备采购中，除美国提供军援补贴外，沙特为主的中东伊斯兰国家也提供了很多经济支持。此前西方媒体指出，在巴基斯坦的F22P护卫舰、“枭龙”战机、“哈立德”主战坦克项目中，沙特都提供了可观的经济支持，尤其是巴基斯坦开始在本国建造F22P护卫舰、“枭龙”战机与“哈立德”主战坦克后，沙特派遣了大量技术人员进行学习。此外沙特国产的“游隼”1攻击无人机也是在中国与巴基斯坦共同的技术援助下完成的。
相比此前的战舰、战机项目，若巴基斯坦选择引进歼31战机，即使仅采购1个中队的战机（12-14架），都预示10亿美元以上的投入，如果采用类似“枭龙”的共同研发+系统引进，则即使是中国的“友情价”也是巴基斯坦无法承受的，需要沙特等国提供大笔资金支持，这时歼31就需要照顾沙特的需求。因此，在向巴基斯坦推销歼31这件事上，说服充当幕后金主的沙特，远比说服巴基斯坦更重要，而歼31真正的假想敌不是印度，而是以色列。
如果中国隐身技术扩散到中东，那直面以色列很好理解。但实际上即使站在巴基斯坦的角度上，歼31能否有效应对以色列，甚至能否对以色列发起先发制人的打击都至关重要，这都源于上世纪80年代的一次令人心惊肉跳的“纸上谈兵”。在1981年，以色列在著名的“巴比伦”行动中摧毁伊拉克的奥斯拉克反应堆后，曾计划从本土或借道印度突袭巴基斯坦的核反应堆，作为回应，巴基斯坦则制定了突袭以色列迪莫纳核反应堆的计划。
但巴基斯坦心里清楚，同样立足刚获得的美制F16战机，想对以色列发起“巴比伦”行动式的突袭无疑难上加难。但自己作为唯一拥核的伊斯兰国家，一旦伊斯兰世界与以色列战端再起，以色列对自己发起突袭的威胁是现实存在的，因此自己必须拥有可靠的，对以色列核设施发起突袭的能力，而这正是巴基斯坦不足为外人道的，对隐身战机的另一大现实需求。如果中国忽略了这部分需求，那就不难理解为何巴基斯坦迟迟未对歼31表态了。
因此，立足突袭以色列的需要，考虑到中东国家能提供大量毗邻以色列的机场，歼31可以不强求航程，但一定要具备能够突防以色列顶级防空系统的隐身与超巡能力。歼31除需换装新型国产动力具备可靠的超巡能力并对隐身进行优化外，还要将更多的国产精确制导弹药整合到歼31的武器系统之中。如果歼31能够具备可靠的突袭以色列的能力，那么无论是站在中东还是巴基斯坦的角度来看，歼31都是值得花大价钱引进的“爆款”战机。
巴基斯坦未选择歼31，但却又期待歼31的表现，这本身就是期待歼31能够展现出更好性能，以便满足巴基斯坦对隐身战机真正的需求，并打动背后的中东金主。中国向巴基斯坦推销歼31不只是两国的事情，在巴基斯坦身后是一个深不见底的中东市场，中国一旦入场，巨巨大受益与深远影响都是不言而喻的。（凤凰军事 凤凰网军评 刘畅）
"
http://news.ifeng.com/a/20180326/57059550_0.shtml,普京亲自叫停航母 俄罗斯需要中国来当“老大哥”_凤凰军评,2018-03-26  11:11:38,"凤凰军事 凤凰网军评 3月26日
2018年3月16日，俄罗斯国防部公布了《2018-2027年国家武备计划》的细节，该文件是详细规划俄罗斯未来十年武装力量装备发展的国家顶层文件。但俄总统普京亲自批示推迟新型航母、核动力驱逐舰等大型水面舰艇的建造，继续将核潜艇和小型舰艇作为海军装备的最优选择。面对技术方面的多方窘境，俄罗斯最需要的或许是中国版的《二四协定》。
《二四协定》是《关于苏联政府给予中国海军制造舰艇方面新技术援助的协定》的简称。根据协定，苏联为中国提供舰艇的动力装置、雷达、声纳、无线电、导航器材共51项设备的设计图纸资料，还有部分舰艇制造器材及导弹的样品，并转让了这些项目的制造特许权。尽管苏联援助装备仅停留在导弹艇、鱼雷艇级别，但整个协定的执行却为中国接下来研制新型舰艇，如导弹驱逐舰、核动力导弹潜艇等大量主力舰艇奠定了重要基础。
站在今天的角度来看，如果将苏联与中国的位置对调（《关于中国政府给予俄罗斯海军制造舰艇方面新技术援助的协定》），恰恰是今天俄罗斯最需要的技术援助，而能系统给予这些技术援助的国家只有中国。普京此次对俄罗斯未来10年武备规划的亲自批示，实际上扯掉了俄海军自苏联解体后，最后一块“远洋海军”的遮羞布，从装备研发、舰艇编组再到战力定位，全面将俄海军由精神上的远洋海军“降格”为现实上的近海海军。
此时俄海军需要立足有限资源，在漫长的海岸线上构建可靠的近海防御作战力量，这方面的经验，世界上没有国家能超越中国。中国早在1953年《六四协定》中获得苏联首批海军技术援助，并提出“空潜快”理念至今，尽管已服役大量大型水面舰艇，但也仅将海军定位由近海防御“升格”为远洋攻防。相比普京此次对俄海军进行的“降格”，现阶段正是中俄海军此消彼长过程中的交点，而俄海军未来要走的，正是中国刚刚走过的路。
与签署《二四协定》时的中国类似（1969年），目前俄海军最需要的是建设新一代的驱护舰对，并对老舰进行更新。因此尽管《二四协定》提供的成套装备停留在鱼雷艇、导弹艇层面，但转让的关键技术，如动力装置、雷达、声呐、无线电等均已立足护卫舰，甚至是驱逐舰层面，中国结合此前从苏联获得的“柯林斯”级驱逐舰资料，最终使成功研发首款国产驱逐舰“旅大”级。相比之下，俄罗斯在苏联解体之后就再未服役任何一款驱逐舰。
目前俄海军仍以苏联时代遗留的海军造舰计划为基础，研发新一代驱护舰，但从22350与20356型护卫舰艰难的发展境况来看，俄罗斯最大的问题不是设计不出好的战舰，而是自苏联解体后，被肢解的战舰设计、研发、建造依旧残破。因此在2018-2027年的新规划中，需要像当年中国在《二四协定》中那样，先构建起完整的装备设计、建造体系，再结国际或国内的驱逐舰方案，像当年中国的“旅大”级一样，重启国产主力舰的发展。
可考虑的方案是，中国以“旅沪”级驱逐舰为基础，向俄罗斯有偿转让装备大功率燃气轮机的中等吨位驱逐舰技术，其中还包括动力装置、雷达、声呐等关键技术，在俄罗斯大致掌握后，可考虑转让052B型驱逐舰技术。俄罗斯届时将具备建造7000吨级燃气轮机战舰舰体的能力。随后俄罗斯可根据实际需要，在该舰体基础上，建造区域防空、舰队反潜等多款主力驱逐舰。当然，这些是在中国主导，俄罗斯付出大价钱的条件下完成的。
昔日《二四协定》令中国真正具备系统建设并保障一支海军的能力，而俄罗斯面临本国海军不可避免的滑向战力崩溃，果断暂缓发展航母这类华而不实的装备，集中力量发展小型舰艇堪称理智的“断尾求生”。而在本国严重缺乏海军关键技术的情况下，一份来自中国的《二四协定》或许是最佳也是唯一的选择。（凤凰军事 凤凰网军评 刘畅）
"
http://news.ifeng.com/a/20171206/53900491_0.shtml,罗新：想还原长城内外“历史叛徒”们的命运_观世变专题汇总页,2017-12-06  09:51:19," 
嘉宾简介：
罗新，北京大学历史系教授。主要研究领域为中国中古史和中国古代边疆民族史。专业代表作是《中古北族名号研究》与《黑毡上的北魏皇帝》。曾在哈佛大学、印第安纳大学、土耳其中东技术大学和普林斯顿高等研究院访问研究。《从大都到上都：在古道上重新发现中国》是其首部历史大散文著作。
引言：
北京大学历史系教授罗新，在53岁时做了一件他惦记了15年的事--从大都（北京）走到上都（内蒙古锡林郭勒盟正蓝旗）。他自北京健德门启程，沿着古代辇路北行，用了15天的时间，用脚丈量了450公里的河山，抵达上都，并写成新书《从大都到上都：在古道上重新发现中国》。凤凰网历史特邀罗新教授进行独家专访，以下为访谈实录，采访：王诗云，整理：王诗云
行走想法已有十五年 忠实记录是种责任
凤凰历史：
罗老师您好，今天想和您聊一聊您的新作：《从大都到上都：在古道上重新发现中国》。首先想问您，您行走的初衷是什么？步行去上都之时，沿途风光已与600年前大不相同，但现在不去，随着城市进程，将来更看不到几百年前的旧时山河。从行纪中让读者看到您身边正在发生的历史、即将消失的历史，这是您的另一个初衷么？
罗新：
我在十四五年以前就有行走的想法。因为要想了解交通路线，最佳的办法就是像古人一样走，甚至比古人速度更慢，而不是像我们现在习惯的那样，开着车直达某些点，而是把行程裁成一条线。
当然，在短途里，我们经常做这种行走，但像大都到上都这样长路线的行走，我还没有试过。过去走的时间短，都是一天两天，两三天，但逐渐地，我开始愿意试一试长途行走，也许是对纯粹的书斋生活有些厌倦，觉得它有很多问题，觉得自己不能了解社会。所以这次行走是一次试探，走这么长的路，一下子走两个礼拜，对我来说是第一次。
最初出发时，我也没有想过会写什么，但是走着走着，就觉得应该把自己记录下来，把看见的记录下来，把自己想的记录下来，所以路上写了很多，后来才能根据这些写成文本。至于目的是什么，我还谈不上，只是想忠实地记录一点东西，这是一种责任，也是一种试探。
就凭这个研究历史，当然远远不够。首先，这种走法只是走马观花，要想真正做研究，还应该停在某些地方，像考古学那样做更加扎实、细致的调查，但是我还没有那么做。尽管这样，我还是觉得，这么走一走比不走要好，看见比没看见要好。
清朝建立一百年时 汉化水平与元顺帝时期接近
凤凰历史：
您的书中引用了大量元代的扈从诗文，您心目中最能反映大都、上都驿路间风情文化的诗是哪首？为什么？扈从诗与唐代边塞诗的差别在哪？
罗新：
我说不上最喜欢哪一首，虽然我们一般会引用扈从诗，但其实有些不是扈从的诗，也挺有意思的。说句实话，元代诗人的诗不是那么好，不仅比不上唐代，大概也比不上宋代。从大都到上都，这么重要的一条路，这么重要的经历，元代人只把它反应在诗里，而不是反应在散文，或其他类型的记录里。设想唐代或宋代、明代的文人，他们不仅会留下诗，还会留下许许多多更写实的文字，可是元代很可惜。在文学创作这方面，元代至少从诗歌上是赶不上的唐代的。
凤凰历史：
一些史家认为，大都是元朝的首都，上都是陪都，而不少专家、学者则持相反观点，也有回避这种主次的提法，以冬都、夏都来区别，您认为二者有无主次之分？亲身行走之后，您对它们之间的关系有什么新的看法？
罗新：
大概在忽必烈最初设置双都制时，心目中没有主次之别，也就是说，元代的双都制就像游牧人的夏牧场和冬牧场一样，只是一个转场的过程，是共同重要的。从学术研究的立场出发，我们更重视冬牧场，因为元代皇帝在冬牧场待的时间长。而且许多定居城市由冬牧场转化而来，所以我们会比较重视冬牧场，也就是重视大都。
历史实践的发展是，人们会越来越依赖冬天所定居的地方，因为这里更靠近物产丰富的地区，人口也更多，其他各种供应也更好，元代后期的统治者，特别像元顺帝，有时夏天就不去上都了，显然他更喜欢大都。所以从发展的角度看，靠近定居农业社会的大都，地位越来越重要，既使最初不是更重要，但后来一定是最重要的。
凤凰历史：
元代灭亡迅速与其汉化程度有没有必然联系？农耕文明与草原文明，是否存在先进与落后之差？它们的冲突在哪？许多人将草原文明与“野蛮、疯狂、杀戮”划等号，您怎么看？
罗新：
我不觉得元代有明确拒绝汉化，或汉化的速度慢，因为一个王朝倒台有很多种原因，很复杂，元朝撑了一百年左右，时间也不算短。清朝建立一百年时的汉化水平，与元顺帝时期元朝的汉化水平还是比较接近的，
当然，他们各自所承受的文化传统不一样。元朝所承受的北方中国的文化，与明代中国的文化水准也不一样。所以，不能简单地类比。
如果元朝像清朝那样，又待了两百年，那元朝就与清朝差别不大了。我们不能简单地认为这是汉化，它是一种新型文化，清朝文化与明朝也很不一样，也不能叫做汉化，因为汉人变了，满人也变了。如果蒙古统治者在中国的统治时间再长一些，最后蒙古人也会变，蒙古统治下的元朝人民也会变。
不能把“某一种文化”说成是“某人的文化”，而且文化本身在变动当中，更不能说某一种文化征服另一种文化。
我不认为农耕文明与草原文明之间存在冲突、挑战或竞争，但从经济生活和人的适应角度看，从游牧向定居社会转移是主要线索和普遍现象，反过来还比较罕见。
在古代，无论定居社会，还是游牧社会所建立的各类高等级政治体，它们的历史都充满了血腥和暴力，充满了许多我们今天要谴责、拒绝，要在道德上予以反对的东西，并不是谁更缺少血腥和暴力，而是都有，只是谁掩饰得多一些，谁记录得多一些。
而在历史上，游牧社会的血腥和暴力，通常被定居社会的人记录得多一些，因为历史主要由定居社会的人来书写，所以会留下一些游牧社会的人对定居社会造成的伤害，包括暴力、征服、文化上的压制、语言上的摧残等等。但我们作为今天的读者，作为今天学历史的人，并不能因此说游牧社会暴力性更强，暴力性对于古代统治者来说都是一样的。
中国大众读者的水平 二十年来大大提高
凤凰历史：
我作为非专业的读者，在读本书的开头时，觉得信息量较大，但读进去以后，感觉本书像是基于历史学的博物学游记，是什么原因让您用这样阅读门槛较高的笔体写出了这部作品？是否担心普通读者对此书“望而生畏”？
罗新：
我使用这种写法，不是没有考虑过读者，又不是写给自己和专业的同行看，那么写给谁看？总得来说，我考虑把旅行写作与自己的专业结合起来，虽然有点大杂烩的意思。我读过很多英文旅行写作的书，有一些让我很佩服，他们能够把旅行写作，以非纯粹游记的方式展现。在中文旅行写作的书里，这类做法似乎还很少，所以在这本书的写法和文体上，我有一些探索。
至于读者，也许在十几、二十年前，存在“到底写给谁看”的问题，但是二十年过去，中国大众读者的水平大大提高，我们再也不能以专业工作者自居，以为我们与读者世界隔得很远，我们说的话他们听不懂，所以我们要迁就他们去写通俗的，科普性的读物。
就我这些年与读者的接触，我觉得当今社会存在一个很大的读者群，他们有很好的训练，很好的社会经验，也有很好的人生思考，基础教育相当好，读得了各种各样的书。
事实上，他们正在读的很多书，比我们这些专业领域的人都多得多。所以我相信，不完全存在读者障碍问题，相反，我们写的有些地方，很可能还无法满足他们的需求。如果我写的书，让读者对某些更深入的工作有兴趣，我会很幸福。
今天的历史研究 有责任还原“历史叛徒”的命运
凤凰历史：
您提到每天轻松并享受行走只有两三个小时，当您失去对周围事物的敏感，和对所见所闻记忆的能力，这种“麻木的行走”是否会影响您对旅程的客观记录？旅行写作与历史思考结合的最大困难在哪？
罗新：
会有影响，我的书里也显示了这一点。我在写作过程中请朋友看，他们也注意到，后面的几章，好像急着写完一样，其实就是反应了我当时越来越疲惫，急着走完的心情。所以这必然会影响我对周围事物的敏感和思考，甚至连思考的深度都谈不上，逐渐没有就思考了。
但是，走路都是这样的，走四五小时，五六小时后，你就会觉得自己不是在空中走，而是在黑暗中走，好像在隧道里一样，只能看见眼前这一点点光亮。而且我太疲劳了，后来日记也记不动，很早就要睡觉，会忘掉很多东西。我想这是难免的，不同角度，不同状态下，观察者记下的东西是不同的，在那么疲劳，甚至有些厌倦的情况下，你的记录可能会有一些自己的特点，或者称之为缺点。
其实行走本身没有什么内容可写，就是整天走，也没有意思。我从我读到的那些，特别是英国旅行作家的作品里，他们的思维很开阔，书的结构也很开阔，我尝试着不仅记录我的行走，同时把别人行走中有意思的部分，自己做翻译，搬进我的书里来。那些部分比我自己写还吃力，因为要做翻译，又想译出味道，又要忠诚于原作，所以花了很多精力。
借一匹马牵一会儿
凤凰历史：
您认为旅行写作和历史思考之间是否存在冲突？
罗新：
我觉得，旅行写作和历史思考是不冲突的，我尝试让它们不变成冲突。一般来说，我们研究历史，主要是做书斋工作，虽然有“读万卷书，行万里路”的理想，但对于历史学工作者来说，我们的工作就是要在图书馆进行，出门玩也许是一个借口，嘴上说要去行万里路，实际上是满足自己的好奇心。
但作为史学工作者，在行走中思考很重要，因为你受过史学训练，怀着史学目标，在行走中是不是能把它们结合起来？比如我走到长城地带时，用了很多精力来谈投奔到蒙古去的汉人，以及投奔到明朝来的蒙古人，他们分别从属于两个相互敌对的政权，但是他们在今天的族群意义上，又分别属于自己正在敌对的政权。所以这些人怎么生存？我其实很关心这些人的命运，这与我自己的专业研究关系非常紧密，这十年来，我主要在研究这些人，也通过这次写作去思考这个问题。
因为这些人都属于边缘人，属于被历史洪流挤压的人，他们不是像戚继光这样，在边疆捍卫明朝、捍卫长城的英雄人物。
从今天民族主义的立场出发，他们就像叛徒一样，在夹缝里生存。
其实很多人都处在历史的夹缝里，从历史叙述的角度讲，他们今后都会被历史扫到一边去，并且会被污名化，妖魔化。
我觉得，今天的历史研究，至少有责任把他们的命运还原、揭示出来，让我们知道有这样一群人存在。
可能这些人数量很大，不止存在于边疆，在内地、城市、乡村，与他们性质接近的人有很多，我就是希望关心这样一群人。
所以，对于人类种族的划分，不能单一地以生物学角度进行区别。在边疆地区，有大量来自蒙古各部落的蒙古游牧人，后来他们就变成了明朝的人，今天成为我们北方汉人的祖先之一。也有大量明朝边民，跑到长城外加入了蒙古，成为蒙古人，起蒙古人的名字，说蒙古语，成为蒙古族的一部分，他们的后代今天也宣称自己是蒙古族。族群与族群的边界永远是开放流动的，它不是封闭的，不是相互隔绝的。虽然族群间在文化上有差别，政治上分属于不同的集团，但在生物学意义上是分不清楚，而且不应该区分的。
象牙塔学者对中国不了解 应该走到书房之外
凤凰历史：
您在本书结尾写道，希望实现从旅游者到旅行者的转变，而这种转变似乎不止于人和山水之间，能否为我们解释其中的内涵？您觉得实现这种转变的意义在哪？
罗新：
我不认为我实现了这种转变，只觉得这是我应该走的路，不止是我，也包括我们这一代，以及我们的前辈后辈，也不止是中国，在世界范围内都一样。大家都受过理想主义的教育，都会被各时代的英雄主义教育、理想主义教育影响。可事实上，进入人生中晚期阶段，回过头来，人们都觉得那些教育与自己后来的人生有很大距离，像是另外一个世界。但是我们不能不承认，那种理想主义教育中，有某些东西永远在我们心里，它会在某个时刻，某种情况下影响你。比如关心社会，关心更多的人，关心个人利益之外更多人的利益，关心自己所在世界之外更大的世界，无论在任何地方、任何文化里，这都是美好的，是值得崇尚的。可是这些东西，在我们的成长过程中逐渐被遗忘，我们逐渐就没有能力这样做了。
知识分子也是，我们所谓的初心，是关心整个中国历史和中国文化，但是在学习中突然发现，根本做不到，只能研究很小的一部分。就像你不再是一个厨师，而是和面的，你只能做那么细致专业的工作，而忘记了别的。
象牙塔里的研究者都面临这一问题，我们好像在研究中国历史中某个很小的问题，但对中国却不了解，对我们的社会、我们的大众都不了解，在现实中也与他们隔绝
，那么多人在辛苦劳作，你其实不想知道他们在干什么，也不想知道他们在想什么，这是我多年来很大的困惑。
从旅游者到旅行者转变的意义在于，虽然我最终无法做到与普通劳动者、与社会每一份子都能交流，但我希望，尽量往那个方向迈出一步，通过走到自己的书房之外，去理解一点他们的世界。
因为现在出门坐飞机，坐火车，到了就住宾馆，别人都为你安排好了，你和路人是没有关系的。但你在路上走，所有人都和你有关系，大家都很平等，对方不认为你是来这里赚赚钱，看看热闹就走的人。在我行走的十五天时间里，没有碰到一个让我不喜欢的人，大家都很善良，给我很大的温暖，这让我很吃惊，我想如果我抱着游客的心态，是碰不到这种人的。
行走结束之后，转过头来回忆，我对路都忘记了，想到的都是一些人，他们那么可爱，实在，他们不是英雄，不是你理想中的某种人，但都是和你一样实实在在的人，只是过去不了解他们而已。
"
http://news.ifeng.com/a/20171029/52838982_0.shtml,方文山：李清照词贴近流行音乐 台湾教材删文言文可惜_观世变专题汇总页,2017-10-29  10:38:06," 
本文系凤凰网历史频道对话方文山文字实录，采访：唐智诚，整理：王诗云、唐智诚，转载请注明出处
 
嘉宾简介：
方文山，中国台湾男导演、亚洲流行天王周杰伦御用金牌作词人，其创作的词曲中有画面感和东方风，非常符合江湖的整体音乐风格。
年轻人自发穿汉服我觉得很珍贵
凤凰历史：
您是西塘汉服文化周的发起人之一，那您最早是因为什么原因接触到汉服？
方文山：
说到接触汉服，我印象所及应该是2011年。渠道主要是通过网络，网上有一些汉服同袍，他们会发讯息，在网上打“汉服”两个字就能搜到，另外百度上有“汉服吧”，再就是朋友的微博上，有时有一些讯息，让我发现他们有参与汉服活动。
另外，在一些传统庆典上，有年轻人穿汉服，我也觉得蛮有趣的。所谓有趣是说，一般年轻人会抗拒、排斥传统的东西，除非是来自学校的正规教育，或者家长的要求。可是我发现，在汉服领域，很多参与者都是年轻人，而且都是自发的，并不是有奖励、鼓励，或者有制度要求才去参与。
这些年轻人自发地参与汉服活动，引起了我的兴趣，然后我就去关注它，慢慢了解到，原来有一群年轻人在对汉服进行推广。我觉得很珍贵的地方在于，他们有热诚和热心。
汉服展现传统文化之美 被忽略很可惜
凤凰历史：
了解汉服以后，它最吸引您的一点是什么？汉服有没有给过您作词方面的灵感？
方文山：
应该是展现在汉服上的传统文化之美吸引了我。汉服有汉民族的传统服饰之美，其中蕴含文化的美学，文化的风格，它也是传统文化领域之一，只是被大家忽略了，我觉得很可惜。
作词方面的灵感，我为汉服写过一首《汉服青史》，是汉服文化周的主題曲。汉服会带给我一些间接的感触和想法，可并不会具体呈现汉服两个字，太标签化了，应该说，它是一个养分、土壤，就像书法是土壤，京剧是土壤，汉服也是创作的土壤。
汉服要跟现代社会接轨 如有新式汉服会常穿
凤凰历史：
在生活中，您会穿汉服吗？很多人也觉得汉服美，但生活中穿起来怕不方便，能否推荐几款日常款的汉服？
方文山：
生活中我不太会穿汉服，因为我的工作形态与形式不太适合穿。所以，我们在推广新式汉服，因为汉服有严格的承传，秦汉的汉服形制有曲裾，唐代有襦裙、圆领袍，宋代有朱子深衣、披风；明代有直裰、袄裙，每个朝代都有自己服装的特色。我觉得汉服发展到这个年代，应该有现代汉服的存在，除了推广传统汉服外，应该有一条路线，让从前时空背景下的汉服，与现代人的生活节奏接轨，而不要把汉服想象成古装、穿越。穿传统汉服去搭公交车，说实在是有点奇怪，但可以说是文化的亮点。
所以我一直觉得，应该让汉服与现代社会接轨，保留汉服元素的符号，比如交领右衽，可服装形式是现代汉服。如果有新式汉服的选项，我会常穿新式汉服，但出席传统庆典，传统活动，像西塘汉服文化周，我当然还是会穿传统汉服。
凤凰历史：
今年的西塘汉服文化周，您觉得活动中有哪些新亮点？最期待什么节目？
方文山：
新亮点有铠甲展、拜师礼，还有小朋友在汉服周走T台秀，以及中华武备展演，这都是往年没有的。我个人最期待中华武备展演，它很阳刚，我觉得表演应该会很震撼。
 
李清照词贴近现代流行音乐 台湾教材删文言文很可惜
凤凰历史：
您提过喜欢读宋词，这是受到家庭的影响，还是读书时在学校养成习惯？
方文山：
应该是自发性的，每个人都有自己感兴趣的领域，有些人英文特别好，有些人数理化特别强，有些人擅长金融专业。我始终觉得古诗词蛮吸引我的，因为古诗词里包含的叙事手法、画面感、故事性都有文字的咀嚼空间和文字的张力。比如“千山鸟飞绝，万径人踪灭。孤舟蓑笠翁，独钓寒江雪。”你一听，画面感都有了，很吸引你去读。
我是自发地喜欢这些古诗词，宋词特别吸引我，尤其是李清照，或者是五代后主李煜的词，都是婉约派，比较贴近现在的流行音乐，有点像长短剧，文字结构不是五言绝句，或者七言律诗，比较自由活泼。
所以某种程度上，我的创作受宋词的影响。
我们求学阶段，课本中文言文的比例蛮高的。现在可能时代变了，文言文的比例大幅度缩减，我觉得很可惜。
因为一般的青年学子出了校园，基本上就不可能看文言文了，接触的不管是小说、散文、诗词，还是现代诗，诗歌，都是以白话文创作的。
求学阶段是记忆力最好的阶段，文言文比例可以适当，但不要太少，在50%到60%是可以的，也不用到70%或80%。只是减到30%之后，就有点少了，可能10篇文章里只有三首文言文，与传统文化在思想上的连接就比较少，这比较可惜。所以我觉得，文言文教育应该至少占一半的比例更好。
传统文化为创作提供养分 强行去除是自找麻烦
凤凰历史：
有人担心这样删文言文，以后台湾小孩会连方文山写的歌都听不懂。您会不会担心，在这种环境下，中国风的创作不受欢迎，传统文化被边缘化？
方文山：
我倒不认为中国风的创作会边缘化，因为它与古典或传统领域结合的方式是混搭的，可能所有的曲子都是中国风，但乐器、曲式可能是摇滚的中国风，里面有钢琴、吉他，这些都是现代乐器。
我不觉得文言文教育减少，会冲击到所谓的与传统结合的这类音乐，因为它毕竟还在流行音乐的范围，不是五声音阶小调歌曲这类很传统的音乐。你们听到所有中国风的曲子，像《青花瓷》，都还是流行音乐，只是它的编曲会用到二胡、古筝、琵琶，文字用语偏古诗词。所以我不认为中国风的创作会受影响，只是教育上减少文言文的比例是可惜的。
凤凰历史：
对台湾现在这种“去中国化”的措施，会有一些失望吗？
方文山：
在文化上会有些失望。因为文化是断不掉的连接，是脐带。你把文化抹失了，或者做某种程度的曲解、断层，是很可惜的。传统文化明明是创作的土壤和养分，它是丰富的，它会强化各领域的美学，你还把它去除，那不是自找麻烦吗？
我个人认为，这是不太正确的施政措施。
近年大陆更渴望吸收 传统文化比台湾重视
凤凰历史：
在弘扬传统文化方面，您觉得大陆还有哪些需要改进的地方？
方文山：
可能10几、20年前，大陆有需要改进的地方，可现在的社会氛围里，传统文化变成了主旋律，有的学校还把书法列为必修课。从这些年大陆的文化氛围来看，是非常渴望吸收传统文化的，有时可能比台湾还要重视，我不认为有什么需要补强的地方。
 
我想用通俗方式让年轻人爱上传统文化
凤凰历史：
除了汉服，您还对哪些中国的传统文化感兴趣？
方文山：
应该还有书法，这个领域很吸引我。一般人对书法的认知，可能就是正襟危坐地写小楷、唐楷，这种书写方式几千年都是如此。可是我觉得，在现今的社会结构，书写书法和欣赏书法的方式，其实都可以有比较多元的选择，不是推翻，也不是改变。
传统书法写在宣纸上，不管行书、隶书、楷书，都是静态地在写，可是换一种方式，就可以改变书法的书写形式与书写载体。譬如说，写书法的时候可以结合音乐，写书法的载体，可以变成服饰或者器皿，不见得一定要写在宣纸上。所以我现在想把书法戏剧化，把它变成与现代社会接轨的传统领域。
凤凰历史：
您在创作中国风的音乐的时候，会不会有一种使命感？
方文山：
使命感多少会有，所以我才会筹备以书法为主的戏剧，就是希望年轻族群能透过电视剧的影响，进而重新认识与喜欢书法。
你要让年轻人喜欢传统领域，就要用年轻人习惯的方式，什么是年轻人习惯或喜欢的方式呢？就是通俗文化，电影、电视、戏剧、流行音乐、线上游戏与小说。我们就用大家最熟悉的，生活上会接触到的元素，把影视文化与传统文化结合。
我觉得这是比较好的方法，而不是办论坛，然后强迫小朋友和年轻学子来集结，宣传汉服有多好，书法有多好。你要让他觉得，传统文化在现代社会也用得到，也在发生，从而自然而然地去喜欢它。
"
http://news.ifeng.com/a/20171028/52833032_0.shtml,徐娇：穿汉服不是“复古” 配上高跟鞋一样有美感_观世变专题汇总页,2017-10-28  16:58:11," 
本文系凤凰网历史频道对话徐娇文字实录，采访：唐智诚，整理：王诗云 唐智诚，转载请注明出处
嘉宾简介：
徐娇，中国内地女演员。2006年，出演个人首部电影《长江7号》正式出道，并凭借该片获得第28届香港电影金像奖最佳新人奖。
高一时第一次穿上汉服 感到特别自豪
凤凰历史：
徐小姐您好，我们知道在汉服圈里，您也是一位老同袍了，那最早是怎么喜欢上汉服的？
徐娇：
最早接触汉服，大概是我读初二的时候，有一位粉丝送了我一本夏达的漫画，她从那时就开始画《长歌行》，后来我买了很多她的漫画，又看了她的微博，发现她也在穿汉服。那时我才认识汉服，觉得我们应该把这么美好的传统文化保留、传承下来。高一时，我第一次自己在网上买了一套汉服穿，觉得特别有自豪感。
凤凰历史：
汉服最吸引您的一点是什么？
徐娇：
汉服毕竟有几千年文化底蕴的传承、沉淀。之前我一直对传统服饰没有概念，不知道我们中国的传统服饰是什么？感觉旗袍也是比较近代的产物。知道有汉服后，我会去更多地了解它，各朝各代的制式各有千秋，特别的美，那时我就深深地被吸引了。虽然汉服有各种各样的制式，但我比较喜欢飘逸的，仙一点的，像襦裙以及宽口广袖的汉服。
之前我看到有同袍复原了《侍女散花图》，还蛮有趣的。虽然唐朝的女性比较丰满，以胖为美，但放到现在看，居然也很美。
穿汉服不是“复古” 也不是“穿越”
凤凰历史：
随着您对汉服了解的加深，您对汉服背后的文化意义有什么新的理解吗？
徐娇：
其实我想说，很多人可能不太了解现代人穿汉服，会以为是“穿越”或者“复古”，有些人说，古代的东西已经过去了，为什么还要再把它提上来？但我觉得，其实不是这样。历史的车轮虽然是前进的，但风水轮流转，传统文化有它存在的意义。
我们既然要传承汉服，就要把它当做可以好好在现代穿的服饰。邻国日本把旧文化保存得很好，但我们国家出现了文化断层，是非常可惜的事情。我觉得，要把汉服的意义传承下来，不能把穿汉服当做复古的事情，而是要把它当做日常可以穿的衣服。
凤凰历史：
您曾经穿着汉服参加过国际电影节，做这个决定前，身边有没有朋友不理解，或者劝您不要这样做？外国明星是怎么评价汉服的？
徐娇：
我当初穿汉服，是与方文山老师《听见下雨的声音》剧组参加上海电影节，那时穿的是正统汉服。后来在今年的威尼斯电影节，我穿了一件带有齐胸襦裙元素的礼服，是我自己的汉元素品牌设计师画的。那条裙子非常好地把礼服的华丽感，与汉元素的交领、腰带、凤凰刺绣等元素融合在一起，看上去浑然天成，不会有任何让人觉得奇怪的地方。
外国艺人对汉服不是特别清楚，但身边也有一些女生工作人员特别喜欢这个礼服，说可不可以也帮她们定制，以后去走红毯。
 
汉服配高跟鞋？只要有美感都可以去尝试
凤凰历史：
有人觉得您是明星，发型、化妆有专人帮忙打理，普通人穿汉服会不会非常麻烦？
徐娇：
首先，如果平常不出席活动，汉服搭配的妆发，都是我自己做的。如果觉得麻烦，其实可以多穿汉元素的衣服，日常很方便。我有一种理念是，穿汉服不一定就要梳古代发髻，我之前也尝试做一些时尚街拍，穿汉服配高跟鞋之类的，只要有美感，让汉服可以更好地融入到现代，都可以去尝试。
凤凰历史：
穿过这么多的汉服，您对设计汉服感兴趣吗？有没有想过自己也参与其中？
徐娇：
去年织羽集刚刚上线时，我设计过一套叫“清秋”的衣服，上面是件比较简洁的交领上衣，下面分两种，一个是裙子，一个是阔腿裤，我觉得把裤装放进汉服设计中也挺有趣的。
各种各样的元素，我们都有在尝试，织羽集有很多位设计师，但所有设计稿都由我来审核。因为考虑到服装多样性，所以像齐胸襦裙，或者袄裙之类的元素都会加进来，这样才能让汉服元素更丰富。
我看上去文静 不代表就一定很文静
凤凰历史：
除了汉服，您还对哪些中国的传统文化感兴趣？觉得自己是个“古典”的人吗？
徐娇：
我之前有学习古琴，也学过一些昆剧，对传统文化还是挺感兴趣的。我能用古琴弹奏《秋风词》，《湘妃怨》这些曲子。其实我学古琴的时间不是很久，只学了一个暑假，之后如果有时间，还想继续学习。我觉得古琴是非常沉稳的乐器，它的音色比较浑厚，弹奏方式也不像古筝那样华丽，古琴即可以小家碧玉，又可以大气磅礴。
我还喜欢传统的弓箭。其实我看上去文静，不代表就一定很文静。我当初是和朋友一起去射箭馆体验，觉得蛮有趣的。最开始时，我力气比较小，就挑了一把反曲弓，发现还挺上手的，比什么都不练的感觉更加适合我，然后就有一直练习，我现在可以用25磅的弓了。
人是有多面性的，我还在读书，更想做的是把古典文化融入到现代生活。因为我现在在学电影专业，以后如果有机会，当然希望可以自己当导演、拍片子，尝试一些带有传统文化元素的剧本。
 
把真正美好的中国文化展示给外国人 是很棒的事
凤凰历史：
您觉得出国读书以后，对中国传统文化会更加珍惜吗？还是说，因为从小在国内受教育，受到传统文化的熏陶，出国以后只是自然的延续？
徐娇：
出国真的会让人更有为国家骄傲的感觉。在国内时还没那么觉得，但在美国时，有一次中秋节，我在晨会上给大家讲嫦娥奔月的故事，然后分月饼给大家吃，大家觉得特别新奇。因为我高中时读书的城市，是美国小乡镇，那边的人对于中国，或者说对中国传统文化的了解真的很少，很多都停留在清朝留辫子时期。那时我就觉得，我们这些留学生，如果可以把真正美好的中国传统文化展示给他们，是一件非常棒的事情。
我在高三时的毕业演讲，介绍了中国各朝各代的汉服发展。还有一次在演讲课上，老师让我们介绍自己拿手的兴趣爱好或某样东西，那时我把古琴带到美国去了，就在课上给大家介绍古琴，还有一些比较基本的弹奏方式。现在我在加州上学，南加州大学还有汉服协会。
"
http://news.ifeng.com/a/20180328/57120914_0.shtml,涉案金额10.4亿！吕梁市原副市长张中生被判处死刑_凤凰资讯,2018年03月28日 10:23:29,"原标题：涉案金额10.4亿！山西吕梁原副市长张中生一审被判死刑
今天上午，山西省临汾市中级人民法院依法对山西省吕梁市人民政府原副市长张中生受贿、巨额财产来源不明案一审公开宣判，被告人张中生被判处死刑，决定执行死刑。
法庭经审理查明，1997年至2013年，被告人张中生利用担任山西省中阳县县长、中共中阳县委书记、山西省吕梁地区行署副专员、中共吕梁市委常委、副市长等职务便利，为他人在煤炭资源整合、项目审批等事项上提供帮助，索取、非法收受他人财物，折合人民币共计10.4亿余元。张中生家庭财产、支出明显超过合法收入，其对折合人民币共计1.3亿余元的财产不能说明来源。
临汾市中级人民法院认为，被告人张中生的行为构成受贿罪、巨额财产来源不明罪。张中生受贿犯罪数额特别巨大，在十八起受贿犯罪事实中，有两起受贿犯罪数额均在人民币2亿元以上，还主动向他人索取贿赂人民币8868万余元。张中生利用领导干部职权为他人谋取不当利益，严重影响了当地经济健康发展，且案发后尚有赃款人民币3亿余元未退缴，犯罪情节特别严重。张中生目无法纪，极其贪婪，在党的十八大后仍不收敛、不收手，给国家和人民利益造成特别重大损失，罪行极其严重，应予依法严惩。
​审判长陈伟：被告人张中生犯受贿罪判处死刑，剥夺政治权利终身，并处没收个人全部财产，犯巨额财产来源不明罪，判处有期徒刑八年，决定执行死刑，剥夺政治权利终身，并处没收个人全部财产。
法院同时判决，对张中生受贿所得财物和来源不明财产及其孳息予以追缴，上缴国库，不足部分，继续追缴。同案被告人李兰俊、刘年生因犯洗钱罪亦被判处相应刑罚。（央视记者程琴）
"
http://news.ifeng.com/a/20180328/57121899_0.shtml,众“老虎”贪污上亿为何只对张中生判死刑？法院回应_凤凰资讯,2018年03月28日 10:58:51,"原标题：临汾中院负责人就张中生案一审宣判答记者问
3月28日，山西省临汾市中级人民法院依法对山西省吕梁市人民政府原副市长张中生受贿、巨额财产来源不明案一审公开宣判。宣判后，临汾中院负责人回答了记者提问。
答：我国《刑法》规定，“死刑只适用于罪行极其严重的犯罪分子”，我国的死刑政策是“保留死刑，严格控制和慎重适用死刑”，对于罪行极其严重，论罪应当判处死刑的，要坚决依法判处死刑。根据《刑法》及最高人民法院、最高人民检察院《关于办理贪污贿赂刑事案件适用法律若干问题的解释》的相关规定，贪污、受贿数额特别巨大，犯罪情节特别严重、社会影响特别恶劣、给国家和人民利益造成特别重大损失的，可以判处死刑。被告人张中生自1997年至2013年间持续疯狂索取、收受贿赂，目无法纪，极其贪婪，受贿犯罪数额特别巨大；其中，张中生主动向他人索取贿赂高达人民币8868万余元，其中仅向一人索要财物的数额即高达人民币6085万余元，犯罪情节特别严重。张中生利用职权插手煤炭资源整合、煤矿收购兼并、煤矿复产验收、工程承揽等经济领域，为他人谋取不正当利益，严重影响了当地经济健康发展，
目前，临汾市中级人民法院宣告的第一审判决尚未生效，宣判时已告知被告人如不服该判决，有权在法定期限内提出上诉。如果被告人提出上诉，案件将进入第二审审理程序。如果被告人不上诉，山西省高级人民法院将依法复核审，并报请最高人民法院核准后才生效。
答：我国《刑法》规定，对任何人犯罪，在适用法律上一律平等，不允许任何人有超越法律的特权。对于一切犯罪行为，均严格以罪论刑，而非以人论刑，要“老虎苍蝇一起打”。近年来，人民法院对涉腐败官员犯罪案件的审判，都体现了法律面前人人平等，不论什么人，不论其职务多高，只要触犯了法律，都要受到严肃追究和严厉惩处。
对于职务犯罪的量刑问题，法律和司法解释对案件判罚的宽严轻重幅度都有明确规定。《刑法修正案（九）》对贪污罪、受贿罪处罚标准作出的一个重要调整，就是改变了过去单纯“计赃论罚”的做法，代之以“数额+情节”的规定，犯罪数额并不是判罚的唯一标准，还需要综合考量被告人的认罪态度、悔罪表现、自首、立功、退赃、索贿等诸多从重、从轻处罚情节，以更好地做到宽严得当，罚当其罪。此前，曾有省部级官员白恩培、武长顺被判处死刑缓期二年执行，在死刑缓期执行二年期满依法减为无期徒刑后，终身监禁，不得减刑、假释。
具体到本案，被告人张中生不仅受贿数额特别巨大，同时，其又有索贿，利用领导干部职权插手煤炭经营、工程承揽等经济领域，为他人谋取不当利益，严重影响了当地经济健康发展，案发后赃款赃物未全部退缴等特别严重情节，给国家和人民利益造成特别重大损失。本院综合考虑被告人张中生犯罪的事实、犯罪的性质、情节和对于社会的危害程度，决定依法对其判处死刑立即执行。
答：对于贪腐犯罪，决不能让被告人保有通过犯罪得来的利益。本次一审判决，就对被告人张中生作出了并处没收个人全部财产的判罚。对于贪污贿赂犯罪案件赃款赃物的追缴，依照有关法律规定，目前主要有两种方式，一是适用普通刑事案件程序对被告人定罪处罚并追缴赃款赃物，二是在犯罪嫌疑人、被告人逃匿、死亡的情况下适用特别程序没收其违法所得。本案适用的是普通刑事案件程序。目前，已查封、扣押被告人张中生犯罪所得赃款赃物折合人民币共计8.28亿余元，包括现金、银行存款、房产、车辆等。对于其未能退缴到案的3.5亿余元其他赃款赃物，将在判决生效后继续依法追缴。
党的十八大以来，司法机关不断加大对腐败官员赃款赃物的追缴力度，将定罪处罚与追赃并重，不允许犯罪分子从违法犯罪活动中获得任何利益。我举一个去年生效的案例，山西省人民政府原副省长任润厚违法所得没收申请案，是我国第一起因犯罪嫌疑人死亡而进入诉讼程序的省级官员犯罪案件，法院裁定没收任润厚实施受贿及巨额财产来源不明犯罪所得财物，上缴国库。这充分体现了党和国家依法惩治腐败和对赃款赃物一追到底的坚强决心和鲜明态度，对腐败犯罪分子妄图“牺牲一人幸福全家”的侥幸心理造成有力威慑。
答：我院遵照山西省高级人民法院的指定管辖决定，对公诉机关指控的被告人张中生受贿、巨额财产来源不明事实严格依法进行审理，并作出判决。对于其他涉案人员的行为是否构成犯罪，或是否依法追诉，将由有关司法机关依法进行处理。
据了解，涉及本案的有关单位和人员涉嫌行贿犯罪的，或已被提起公诉，或被依法追究刑事责任。
"
http://news.ifeng.com/a/20180328/57122250_0.shtml,敏感形势下大陆主流媒体刊文谈“武统” 国台办回应_凤凰资讯,2018年03月28日 11:10:24,"原标题：大陆主流媒体刊文谈“武统”台湾 国台办回应
海外网3月28日电 3月28日上午，国台办举行例行新闻发布会，针对大陆的主流媒体刊发了系列的“武统”文章一事，发言人安峰山作出相关回应。
中国日报记者：近日美国总统特朗普签署了“与台湾交往法”，中美贸易战一触即发，在这种敏感的形势下，最近有大陆的主流媒体刊发了系列的“武统”文章，比如台湾到底怎么打。就有评论认为，这是不是释放了大陆方面不排除“武统”的信号，请问您对此有什么评论？谢谢。
安峰山：我们的对台大政方针是明确的，一贯的。我们会以最大的诚意、尽最大的努力来争取和平统一的前景，但是我们维护国家领土主权的决心是坚定不移的，绝不允许任何“台独”分裂势力把台湾从国家分裂出去。
"
http://news.ifeng.com/a/20180328/57122785_0.shtml,俄外交部：因俄领导人日程改变 王毅访俄日期被推迟_凤凰资讯,2018年03月28日 11:28:07,"原标题：俄外交部：因俄领导人日程改变中国外长访俄日期被推迟
【环球网报道记者朱佩】据俄罗斯卫星通讯社3月28日报道，俄罗斯外交部发布消息称，原定于3月27日和28日中国外长王毅出访俄罗斯的日期被推迟。
消息称，“由于俄罗斯领导人日程安排发生更改，因此决定将中国国务委员兼外交部长王毅访问俄罗斯的日期推迟”。
俄外交部指出，俄中双方将通过外交渠道就具体访问日期进行协商。
早前俄罗斯外交部新闻司副司长科任表示，中国外长将于3月27日和28日对俄罗斯进行访问，并与俄外长拉夫罗夫举行会谈。
 
"
http://news.ifeng.com/a/20180327/57104836_0.shtml,中国人只用13年 就把一种随处可见的鸟儿吃到灭绝边缘_凤凰资讯,2018年03月27日 19:44:11,"原标题：中国人只用13年，就把一种随处可见的鸟儿吃到了灭绝边缘
1979年到1990年，俄罗斯贝加尔观察站标记了10460只黄胸鹀（Emberiza aureola）。而2012到2015年间，这个站一共标记到了9只。
前天，黄胸鹀正式被国际自然保护联盟列入“极危”，距野外灭绝只剩一步之遥。你也许从未听说过这种小鸟，但你很可能听过它的另一个名字——它在菜单上的名字：
禾花雀。
图片来源：Sergey Yeliseev
并不很久以前，禾花雀/黄胸鹀还是一种漫山遍野的鸟。2004年之前，它的评级还是最安全的“无危”；那年发表的数据认为仅在欧洲就有60000-300000只个体，全球数据应该数倍于此。
到了2015年，同一组研究者估计，欧洲的成年黄胸鹀数量大约是120-600只。人们仍在争辩它在亚洲东部的种群受到了何种打击；最悲观的场景下，十年里它减少了99%。
乍看起来，这样一种鸟类竟然会濒危，似乎是件难以想象的事情。要知道，它的繁殖地从芬兰、白俄罗斯和乌克兰，一直向东横穿蒙古和中国北部，直到俄罗斯的最东端还有韩国和日本。如此广泛的分布，而且很多地区都人迹罕至，应该无论如何不会有什么问题吧！
可过去二十年里我们却眼睁睁看着它从西到东逐渐消失，芬兰已经有将近10年没有哪怕一只黄胸鹀现身了，日本也已连续几年只能找到几对而已，不久前刚找到一个30对的种群已经是特大喜讯。今年夏天，研究者们在俄罗斯萨哈林省的一个重要繁殖地一共找到了17只；黄胸鹀研究者、国际鸟盟研究员陈承彦说，就在不太久之前，一早上就能找到这么多。
俄罗斯的研究者曾经对此十分困惑，他们猜测可能水坝影响了繁殖地草原，或者农业生产方式变化导致适合黄胸鹀越冬的稻田正在减少，但这种级别的变化根本不足以解释它过去二十年里的断崖式崩溃。
他们那时还不知道，黄胸鹀面临着另外一个致命问题。它们是候鸟，每年迁徙到南方越冬；而它们迁徙之路要经过一个地方，这个地方叫做中国。在这里，黄胸鹀是一种传统美食。
从1992年起，每年三水禾花雀美食节就捕杀数千只。1997年这个节日被禁，但是禾花雀黑市依然存在，佛山一个黑市一天之内就卖出了约1万只。东莞则骄傲地把“三禾宴”（禾虫、禾花鲤、禾花雀）称为本地头号美食。道理上讲，黄胸鹀作为稻田常见物种，成为饮食传统的一部分原本并无不妥；但它已经异化为非理性的奢侈消费和身份象征。黄胸鹀不过麻雀大小，当年都是论串卖，但如今因为稀缺，每只的价格动辄上百元，还经常用其他的鹀类冒充。酒店一般以一人一只的方式上菜，但极端奢华的宴席可以一次吃掉数百只。
1997年的香港，禾花雀还是这样出售的。图片来源：Simon Chan
随着黄胸鹀的种群崩溃，抵达越冬地的鸟儿越来越少，猎人已经向北转移，在迁徙的半路上截杀。2008年浙江省拦截了一批正向南方转移的禾花雀，仅这一次就是4300只。
看起来，黄胸鹀即将成为百年来第一个被吃绝种的生物。
可是就在不久以前，它还数量如此众多，还曾被无数人目睹，还曾是广袤大地上许多人生活的一部分啊。它不像老虎躲藏在深山间，也不像大象生活在万里之外的非洲草原。二十年前还有很多广东人见过数万只黄胸鹀成群迁飞的场景，十几年前北戴河的观鸟者还会为铺天盖地的黄胸鹀而惊叹。这样一种鸟儿就这么没了，人们难道不会觉得缺了点儿什么吗？
也许真的不会吧。人类是如此健忘，如此容易适应。谁还记得熊猫的分布曾一直延伸到河北山西？谁还记得白鱀豚在东晋郭璞笔下还是“江中多有之”？废墟被我们当成新的常态，然后继续迎接新的废墟；最终我们不但丢失了一个丰盛的世界，甚至根本不知道它曾经存在过。
毕竟，世界上数量最多的那种鸟儿，差不多就是在一百年前的这时候灭绝的。
（编辑：花蚀）
本文作者：  Ent
"
http://news.ifeng.com/a/20170505/51052506_0.shtml,凤凰网新闻中心招聘专题策划、视频编辑、内容运营_凤凰资讯,2017年05月05日 16:51:41,"岗位描述：
·负责结合新闻热点事件做出相关内容策划
·为专题、H5等形式的策划等内容提供选题和文案
任职要求：
·希望你是对热点新闻超敏感的点子制造机
·对新闻有判断力，表达方法有创造力
·热爱时政新闻，至少1年的时事报道工作经验
·正直踏实，能接受加班
·具有基本的图片鉴赏能力
岗位描述：
负责凤凰网、凤凰新闻客户端头条的运营工作。
任职要求：
·28岁以下，本科以上，社科、文史类专业「强者不限」；
·英文阅读无障碍，有日、韩、俄、阿拉伯语等特长者更受欢迎；
·喜欢新闻工作，追求专业的新闻态度，有网媒工作经验者优先；
·关注国内外大事件，对网上热点话题敏感；
·有偏好领域「如时政、体育、财经、科技」，有独到见解；
·期望你平日里活泼、工作时认真，能够接受夜班工作。
岗位描述：
·处理重要新闻视频。
·面对突发事件，能迅速组合视频素材剪辑成完整片子。
·运营新闻视频，将优质视频内容推广出去。
任职要求：
·关注时政，对新闻有一定热情。
·能熟练使用PR、ED、AE等软件。
·拥有面对突如其来的新闻热点事件的兴奋度和积极度。
·具备持续学习的能力，有团队意识，能高效完成所负责的项目。
·能够适应早晚班及周末值班高强度工作节奏。
岗位描述：
为凤凰网王牌栏目“大鱼漫画”提供选题和文案。
希望你是：
·对历史题材感兴趣
·如果是历史小白，在科技、财经、动漫或者其他方面有特长；
·较强的资料搜集、整合能力；
·笔头功夫要溜；
·幽默感要有；
·实习时间至少3个月，出勤至少4天/周。
岗位描述：
大鱼漫画栏目、HTML5策划的设计和创意。
希望你是：
·熟练使用PS/AI等软件；
·有良好的手绘能力者优先；想从事新闻行业者优先；
·良好的新闻理解能力和沟通能力；
·实习时间至少3个月，出勤至少4天/周。
岗位描述：
凤凰网、凤凰新闻客户端头条的运营工作。
希望你是：
·在校本科生/研究生，无特殊情况能够工作日到岗；
·喜欢新闻，有一定的新闻敏感度；
·工作细致耐心，责任心强，具有团队合作精神。
·谈钱不伤感情，只要你能证明你行；
·五险一金必须有；
·年度递增的年假+说走就走的团队旅行，爱心早餐等福利不要太多；
·一群业务靠谱生活逗比的小伙伴，要深度有深度，要颜值有颜值。
请在邮件标题注明应聘岗位，
请附上证明你行的优秀作品。
"
http://news.ifeng.com/a/20180327/57105149_0.shtml,应习近平邀请 津巴布韦总统将访华_新改革时代,2018-03-27  19:54:28,"原标题：应习近平邀请津巴布韦总统将访华
央视网消息（新闻联播）：应国家主席习近平邀请，津巴布韦共和国总统埃默森·姆南加古瓦将于4月2日至6日对中国进行国事访问。
"
http://news.ifeng.com/a/20180326/57061274_0.shtml,习近平向中国与葡萄牙语国家最高法院院长会议致贺信 _新改革时代,2018-03-26  12:35:08,"原标题：习近平向中国与葡萄牙语国家最高法院院长会议致贺信
新华社北京3月26日电 中国与葡萄牙语国家最高法院院长会议26日在广州开幕，国家主席习近平致贺信。
习近平在贺信中指出，近年来，中国同葡语国家的关系取得长足发展，司法领域交流合作是其中重要组成部分。这次会议对促进中国同葡语国家司法交流合作具有重要意义，将为中国与葡语国家共同发展营造良好法治环境，为推动构建人类命运共同体作出贡献。
习近平强调，此次会议以“挑战与超越——互联网时代的司法”为主题，具有重要现实意义。希望各位代表深入交流、积极探讨，努力推进互联网国际法治，让互联网更好造福各国人民。
"
http://news.ifeng.com/a/20180320/56904840_0.shtml,十三届全国人大一次会议闭幕 习近平发表重要讲话_新改革时代,2018-03-20  19:59:02,"原标题：十三届全国人大一次会议在京闭幕 习近平发表重要讲话
（两会受权发布）十三届全国人大一次会议在京闭幕
习近平发表重要讲话
会议表决通过关于政府工作报告的决议等
通过监察法习近平签署主席令予以公布
栗战书主持并讲话
李克强汪洋王沪宁赵乐际韩正王岐山等出席会议
张德江俞正声张高丽等在主席台就座
新华社北京3月20日电 中华人民共和国第十三届全国人民代表大会第一次会议，在圆满完成各项议程，产生新一届国家机构组成人员后，20日上午在人民大会堂闭幕。
大会号召，让我们更加紧密地团结在以习近平同志为核心的党中央周围，高举中国特色社会主义伟大旗帜，深入学习贯彻习近平新时代中国特色社会主义思想，全面贯彻落实党的十九大和十九届一中、二中、三中全会精神，勠力同心，锐意进取，为完成本次会议确定的任务，为决胜全面建成小康社会、夺取新时代中国特色社会主义伟大胜利、实现中华民族伟大复兴的中国梦而努力奋斗。
中共中央总书记、国家主席、中央军委主席习近平在会上发表重要讲话。他表示，这次大会选举我继续担任中华人民共和国主席，我对各位代表和全国各族人民给予我的信任，表示衷心的感谢。担任中华人民共和国主席这一崇高职务，使命光荣，责任重大。我将一如既往，忠实履行宪法赋予的职责，忠于祖国，忠于人民，恪尽职守，竭尽全力，勤勉工作，赤诚奉献，做人民的勤务员，接受人民监督，决不辜负各位代表和全国各族人民的信任和重托。
习近平强调，一切国家机关工作人员，无论身居多高的职位，都必须牢记我们的共和国是中华人民共和国，始终要把人民放在心中最高的位置，始终全心全意为人民服务，始终为人民利益和幸福而努力工作。
十三届全国人大常委会委员长、副委员长、秘书长担任大会执行主席，并在主席台前排就座。他们是：栗战书、王晨、曹建明、张春贤、沈跃跃、吉炳轩、艾力更·依明巴海、万鄂湘、陈竺、王东明、白玛赤林、丁仲礼、郝明金、蔡达峰、武维华、杨振武。
李克强、汪洋、王沪宁、赵乐际、韩正、王岐山等党和国家领导人出席会议。
张德江、俞正声、张高丽等在主席台就座。
会议应出席代表2980人，出席2962人，缺席18人，出席人数符合法定人数。
闭幕会由大会执行主席、十三届全国人大常委会委员长栗战书主持。
上午9时，栗战书宣布会议开始。
会议经过表决，通过了关于政府工作报告的决议。决议指出，会议高度评价过去五年我国经济社会发展取得的历史性成就、发生的历史性变革，充分肯定国务院过去五年的工作，同意报告提出的2018年经济社会发展总体要求、政策取向和对政府工作的建议，决定批准这个报告。
会议经表决，通过了监察法，国家主席习近平签署第三号主席令予以公布。
会议表决通过了关于2017年国民经济和社会发展计划执行情况与2018年国民经济和社会发展计划的决议，决定批准关于2017年国民经济和社会发展计划执行情况与2018年国民经济和社会发展计划草案的报告，批准2018年国民经济和社会发展计划；表决通过了关于2017年中央和地方预算执行情况与2018年中央和地方预算的决议，决定批准关于2017年中央和地方预算执行情况与2018年中央和地方预算草案的报告，批准2018年中央预算。
会议表决通过了关于全国人大常委会工作报告的决议、关于最高人民法院工作报告的决议、关于最高人民检察院工作报告的决议，决定批准这三个报告。
完成上述议程后，习近平发表了重要讲话。
习近平强调，中国人民在长期奋斗中培育、继承、发展起来的伟大民族精神，为中国发展和人类文明进步提供了强大精神动力。中国人民是具有伟大创造精神的人民，只要13亿多中国人民始终发扬这种伟大创造精神，我们就一定能够创造出一个又一个人间奇迹。中国人民是具有伟大奋斗精神的人民，只要13亿多中国人民始终发扬这种伟大奋斗精神，我们就一定能够达到创造人民更加美好生活的宏伟目标。中国人民是具有伟大团结精神的人民，只要13亿多中国人民始终发扬这种伟大团结精神，我们就一定能够形成勇往直前、无坚不摧的强大力量。中国人民是具有伟大梦想精神的人民，只要13亿多中国人民始终发扬这种伟大梦想精神，我们就一定能够实现中华民族伟大复兴。有这样伟大的人民，有这样伟大的民族，有这样的伟大民族精神，是我们的骄傲，是我们坚定中国特色社会主义道路自信、理论自信、制度自信、文化自信的底气，也是我们风雨无阻、高歌行进的根本力量。
习近平指出，我国是工人阶级领导的、以工农联盟为基础的人民民主专政的社会主义国家，国家一切权力属于人民。我们必须始终坚持人民立场，坚持人民主体地位，虚心向人民学习，倾听人民呼声，汲取人民智慧，把人民拥护不拥护、赞成不赞成、高兴不高兴、答应不答应作为衡量一切工作得失的根本标准，着力解决好人民最关心最直接最现实的利益问题，让全体中国人民和中华儿女在实现中华民族伟大复兴的历史进程中共享幸福和荣光。
习近平强调，人民有信心，国家才有未来，国家才有力量。中国特色社会主义进入了新时代，勤劳勇敢的中国人民更加自信自尊自强。中国这个古老而又现代的东方大国朝气蓬勃、气象万千，中国特色社会主义道路、理论、制度、文化焕发出强大生机活力，奇迹正在中华大地上不断涌现。我们对未来充满信心。我们要适应我国发展新的历史方位，紧扣我国社会主要矛盾的变化，高举中国特色社会主义伟大旗帜，坚持以马克思列宁主义、毛泽东思想、邓小平理论、“三个代表”重要思想、科学发展观、新时代中国特色社会主义思想为指导，坚持稳中求进工作总基调，坚持以人民为中心的发展思想，统揽伟大斗争、伟大工程、伟大事业、伟大梦想，统筹推进“五位一体”总体布局，协调推进“四个全面”战略布局，奋力开创新时代中国特色社会主义事业新局面。
习近平强调，我们生活的世界充满希望，也充满挑战。中国人民历来富有正义感和同情心，历来把自己的前途命运同各国人民的前途命运紧密联系在一起，始终愿意尽最大努力为人类和平与发展作出贡献。中国将继续高举和平、发展、合作、共赢的旗帜，始终不渝走和平发展道路、奉行互利共赢的开放战略，为世界贡献更多中国智慧、中国方案、中国力量，推动建设持久和平、普遍安全、共同繁荣、开放包容、清洁美丽的世界，让人类命运共同体建设的阳光普照世界。
习近平指出，中国共产党领导是中国特色社会主义最本质的特征，中国共产党是国家最高政治领导力量，是实现中华民族伟大复兴的根本保证。全国各党派、各团体、各民族、各阶层、各界人士要紧密团结在党中央周围，增强“四个意识”，坚定“四个自信”，万众一心向前进。中国共产党要担负起领导人民进行伟大社会革命的历史责任，必须勇于进行自我革命，坚持立党为公、执政为民，深入推进全面从严治党，坚决扫除一切消极腐败现象，始终与人民心心相印、与人民同甘共苦、与人民团结奋斗，永远保持马克思主义执政党本色，永远走在时代前列，永远做中国人民和中华民族的主心骨。我们要乘着新时代的浩荡东风，加满油，把稳舵，鼓足劲，让承载着13亿多中国人民伟大梦想的中华巨轮继续劈波斩浪、扬帆远航，胜利驶向充满希望的明天。
习近平的讲话赢得全场多次热烈的掌声。
栗战书随后也发表了讲话。他表示完全赞成、坚决拥护习近平主席的重要讲话。习主席的重要讲话必将极大激励全国各族人民斗志，必将极大鼓舞我们万众一心胜利走向充满希望的明天。他说，习近平同志全票当选为中华人民共和国主席、中华人民共和国中央军事委员会主席，这是近3000名全国人大代表的集体意志，是13亿多全国各族人民的共同心愿。习近平同志是全党拥护、人民爱戴、当之无愧的党的核心、军队统帅、人民领袖，是新时代中国特色社会主义国家的掌舵者、人民的领路人。在以习近平同志为核心的党中央坚强领导下，在习近平新时代中国特色社会主义思想指引下，中国人民完全有信心、有能力实现中华民族伟大复兴的中国梦。
栗战书说，这是一次高举中国特色社会主义伟大旗帜、全面贯彻习近平新时代中国特色社会主义思想和党的十九大精神的大会，是一次民主、团结、求实、奋进的大会。他代表十三届全国人大及其常委会，向张德江同志，向十二届全国人大常委会全体组成人员，向十二届全国人大代表，致以崇高的敬意。
栗战书说，这次大会选举产生了十三届全国人大常委会，并选举我担任委员长。这是各位代表的信任。我们深感使命光荣、责任重大。我们将同全体代表一道，忠实贯彻党中央决策部署，忠实维护人民利益，忠实履行宪法法律赋予的各项职责，恪尽职守，勤勉工作，决不辜负各位代表的重托。
栗战书说，宪法是国家的根本法，具有最高的法律地位、法律权威、法律效力。全国人大及其常委会必须坚持宪法确立的国家指导思想不动摇，必须坚持宪法确认的中国共产党领导地位不动摇，必须坚持宪法确立的国家根本任务、发展道路、奋斗目标不动摇，必须坚持宪法确立的人民民主专政的国体和人民代表大会制度的政体不动摇。
栗战书说，党和国家事业蓬勃发展，给人大工作提出了新的更高要求。要认清使命、奋发有为，切实肩负起新时代长期坚持、不断完善人民代表大会制度的崇高使命；要切实增强“四个意识”，自觉把党的领导贯穿人大工作始终；要依法行使立法权、监督权、决定权、任免权，切实履行好党和人民赋予的光荣职责；要更好发挥人大代表作用，使全国人大及其常委会成为全面担负起宪法法律赋予的各项职责的工作机关，成为同人民群众保持密切联系的代表机关。
10时20分许，栗战书宣布：中华人民共和国第十三届全国人民代表大会第一次会议闭幕。大会在雄壮的国歌声中结束。
在主席台就座的还有：丁薛祥、刘鹤、许其亮、孙春兰、李希、李强、李鸿忠、杨洁篪、杨晓渡、张又侠、陈希、陈全国、陈敏尔、胡春华、郭声琨、黄坤明、蔡奇、尤权、魏凤和、王勇、王毅、肖捷、赵克志、周强、张军、张庆黎、刘奇葆、帕巴拉·格列朗杰、董建华、万钢、何厚铧、卢展工、王正伟、马飚、陈晓光、梁振英、夏宝龙、杨传堂、李斌、巴特尔、汪永清、何立峰、苏辉、郑建邦、辜胜阻、刘新成、何维、邵鸿、高云龙和刘延东、李源潮、马凯、李建国、范长龙、杜青林、王胜俊、陈昌智、严隽琪、张平、向巴平措、张宝文、常万全、韩启德、林文漪、罗富和、李海峰、陈元、王家瑞、齐续春、马培华、刘晓峰、王钦敏，中央军委委员李作成、苗华、张升民，以及赵克石、吴胜利、马晓天等。
香港特别行政区行政长官林郑月娥、澳门特别行政区行政长官崔世安列席会议并在主席台就座。
中央和国家机关有关部门、解放军有关单位、各人民团体有关负责人列席或旁听了大会。
各国驻华使节旁听了大会。
20日下午，习近平等党和国家领导人在人民大会堂会见了出席十三届全国人大一次会议的全体代表，同他们合影留念。
习近平：在第十三届全国人民代表大会第一次会议上的讲话
习近平
各位代表：
这次大会选举我继续担任中华人民共和国主席，我对各位代表和全国各族人民给予我的信任，表示衷心的感谢！
担任中华人民共和国主席这一崇高职务，使命光荣，责任重大。我将一如既往，忠实履行宪法赋予的职责，忠于祖国，忠于人民，恪尽职守，竭尽全力，勤勉工作，赤诚奉献，做人民的勤务员，接受人民监督，决不辜负各位代表和全国各族人民的信任和重托！
一切国家机关工作人员，无论身居多高的职位，都必须牢记我们的共和国是中华人民共和国，始终要把人民放在心中最高的位置，始终全心全意为人民服务，始终为人民利益和幸福而努力工作。
各位代表！
人民是历史的创造者，人民是真正的英雄。波澜壮阔的中华民族发展史是中国人民书写的！博大精深的中华文明是中国人民创造的！历久弥新的中华民族精神是中国人民培育的！中华民族迎来了从站起来、富起来到强起来的伟大飞跃是中国人民奋斗出来的！
中国人民的特质、禀赋不仅铸就了绵延几千年发展至今的中华文明，而且深刻影响着当代中国发展进步，深刻影响着当代中国人的精神世界。中国人民在长期奋斗中培育、继承、发展起来的伟大民族精神，为中国发展和人类文明进步提供了强大精神动力。
——中国人民是具有伟大创造精神的人民。在几千年历史长河中，中国人民始终辛勤劳作、发明创造，我国产生了老子、孔子、庄子、孟子、墨子、孙子、韩非子等闻名于世的伟大思想巨匠，发明了造纸术、火药、印刷术、指南针等深刻影响人类文明进程的伟大科技成果，创作了诗经、楚辞、汉赋、唐诗、宋词、元曲、明清小说等伟大文艺作品，传承了格萨尔王、玛纳斯、江格尔等震撼人心的伟大史诗，建设了万里长城、都江堰、大运河、故宫、布达拉宫等气势恢弘的伟大工程。今天，中国人民的创造精神正在前所未有地迸发出来，推动我国日新月异向前发展，大踏步走在世界前列。我相信，只要13亿多中国人民始终发扬这种伟大创造精神，我们就一定能够创造出一个又一个人间奇迹！
——中国人民是具有伟大奋斗精神的人民。在几千年历史长河中，中国人民始终革故鼎新、自强不息，开发和建设了祖国辽阔秀丽的大好河山，开拓了波涛万顷的辽阔海疆，开垦了物产丰富的广袤粮田，治理了桀骜不驯的千百条大江大河，战胜了数不清的自然灾害，建设了星罗棋布的城镇乡村，发展了门类齐全的产业，形成了多姿多彩的生活。中国人民自古就明白，世界上没有坐享其成的好事，要幸福就要奋斗。今天，中国人民拥有的一切，凝聚着中国人的聪明才智，浸透着中国人的辛勤汗水，蕴涵着中国人的巨大牺牲。我相信，只要13亿多中国人民始终发扬这种伟大奋斗精神，我们就一定能够达到创造人民更加美好生活的宏伟目标！
——中国人民是具有伟大团结精神的人民。在几千年历史长河中，中国人民始终团结一心、同舟共济，建立了统一的多民族国家，发展了56个民族多元一体、交织交融的融洽民族关系，形成了守望相助的中华民族大家庭。特别是近代以后，在外来侵略寇急祸重的严峻形势下，我国各族人民手挽着手、肩并着肩，英勇奋斗，浴血奋战，打败了一切穷凶极恶的侵略者，捍卫了民族独立和自由，共同书写了中华民族保卫祖国、抵御外侮的壮丽史诗。今天，中国取得的令世人瞩目的发展成就，更是全国各族人民同心同德、同心同向努力的结果。中国人民从亲身经历中深刻认识到，团结就是力量，团结才能前进，一个四分五裂的国家不可能发展进步。我相信，只要13亿多中国人民始终发扬这种伟大团结精神，我们就一定能够形成勇往直前、无坚不摧的强大力量！
——中国人民是具有伟大梦想精神的人民。在几千年历史长河中，中国人民始终心怀梦想、不懈追求，我们不仅形成了小康生活的理念，而且秉持天下为公的情怀，盘古开天、女娲补天、伏羲画卦、神农尝草、夸父追日、精卫填海、愚公移山等我国古代神话深刻反映了中国人民勇于追求和实现梦想的执着精神。中国人民相信，山再高，往上攀，总能登顶；路再长，走下去，定能到达。近代以来，实现中华民族伟大复兴成为中华民族最伟大的梦想，中国人民百折不挠、坚忍不拔，以同敌人血战到底的气概、在自力更生的基础上光复旧物的决心、自立于世界民族之林的能力，为实现这个伟大梦想进行了170多年的持续奋斗。今天，中国人民比历史上任何时期都更接近、更有信心和能力实现中华民族伟大复兴。我相信，只要13亿多中国人民始终发扬这种伟大梦想精神，我们就一定能够实现中华民族伟大复兴！
同志们！有这样伟大的人民，有这样伟大的民族，有这样的伟大民族精神，是我们的骄傲，是我们坚定中国特色社会主义道路自信、理论自信、制度自信、文化自信的底气，也是我们风雨无阻、高歌行进的根本力量！
我国是工人阶级领导的、以工农联盟为基础的人民民主专政的社会主义国家，国家一切权力属于人民。我们必须始终坚持人民立场，坚持人民主体地位，虚心向人民学习，倾听人民呼声，汲取人民智慧，把人民拥护不拥护、赞成不赞成、高兴不高兴、答应不答应作为衡量一切工作得失的根本标准，着力解决好人民最关心最直接最现实的利益问题，让全体中国人民和中华儿女在实现中华民族伟大复兴的历史进程中共享幸福和荣光！
各位代表！
人民有信心，国家才有未来，国家才有力量。中国特色社会主义进入了新时代，勤劳勇敢的中国人民更加自信自尊自强。中国这个古老而又现代的东方大国朝气蓬勃、气象万千，中国特色社会主义道路、理论、制度、文化焕发出强大生机活力，奇迹正在中华大地上不断涌现。我们对未来充满信心。
历史已经并将继续证明，只有社会主义才能救中国，只有坚持和发展中国特色社会主义才能实现中华民族伟大复兴。国内外形势正在发生深刻复杂变化，我国发展仍处于重要战略机遇期。我们具备过去难以想象的良好发展条件，但也面临着许多前所未有的困难和挑战。中国共产党第十九次全国代表大会描绘了决胜全面建成小康社会、开启全面建设社会主义现代化国家新征程、实现中华民族伟大复兴的宏伟蓝图。把蓝图变为现实，是一场新的长征。路虽然还很长，但时间不等人，容不得有半点懈怠。我们决不能安于现状、贪图安逸、乐而忘忧，必须不忘初心、牢记使命、奋发有为，努力创造属于新时代的光辉业绩！
我们要适应我国发展新的历史方位，紧扣我国社会主要矛盾的变化，高举中国特色社会主义伟大旗帜，全面贯彻党的十九大和十九届二中、三中全会精神，坚持以马克思列宁主义、毛泽东思想、邓小平理论、“三个代表”重要思想、科学发展观、新时代中国特色社会主义思想为指导，坚持稳中求进工作总基调，坚持以人民为中心的发展思想，统揽伟大斗争、伟大工程、伟大事业、伟大梦想，统筹推进“五位一体”总体布局，协调推进“四个全面”战略布局，奋力开创新时代中国特色社会主义事业新局面！
我们的目标是，到本世纪中叶把我国建成富强民主文明和谐美丽的社会主义现代化强国。
我们要以更大的力度、更实的措施全面深化改革、扩大对外开放，贯彻新发展理念，推动经济高质量发展，建设现代化经济体系，不断增强我国经济实力、科技实力、综合国力，让社会主义市场经济的活力更加充分地展示出来。
我们要以更大的力度、更实的措施发展社会主义民主，坚持党的领导、人民当家作主、依法治国有机统一，建设社会主义法治国家，推进国家治理体系和治理能力现代化，巩固和发展最广泛的爱国统一战线，确保人民享有更加广泛、更加充分、更加真实的民主权利，让社会主义民主的优越性更加充分地展示出来。
我们要以更大的力度、更实的措施加快建设社会主义文化强国，培育和践行社会主义核心价值观，推动中华优秀传统文化创造性转化、创新性发展，让中华文明的影响力、凝聚力、感召力更加充分地展示出来。
 
我们要以更大的力度、更实的措施保障和改善民生，加强和创新社会治理，坚决打赢脱贫攻坚战，促进社会公平正义，在幼有所育、学有所教、劳有所得、病有所医、老有所养、住有所居、弱有所扶上不断取得新进展，让实现全体人民共同富裕在广大人民现实生活中更加充分地展示出来。
我们要以更大的力度、更实的措施推进生态文明建设，加快形成绿色生产方式和生活方式，着力解决突出环境问题，使我们的国家天更蓝、山更绿、水更清、环境更优美，让绿水青山就是金山银山的理念在祖国大地上更加充分地展示出来。
我们要坚持党对人民军队的绝对领导，全面贯彻新时代党的强军思想，不断推进政治建军、改革强军、科技兴军、依法治军，加快形成中国特色、世界一流的武装力量体系，构建中国特色现代作战体系，推动人民军队切实担负起党和人民赋予的新时代使命任务。
我们要全面准确贯彻“一国两制”、“港人治港”、“澳人治澳”、高度自治的方针，严格依照宪法和基本法办事，支持特别行政区政府和行政长官依法施政、积极作为，支持香港、澳门融入国家发展大局，增强香港、澳门同胞的国家意识和爱国精神，维护香港、澳门长期繁荣稳定。我们要坚持一个中国原则，坚持“九二共识”，推动两岸关系和平发展，扩大两岸经济文化交流合作，同台湾同胞分享大陆发展的机遇，增进台湾同胞福祉，推进祖国和平统一进程。
维护国家主权和领土完整，实现祖国完全统一，是全体中华儿女共同愿望，是中华民族根本利益所在。在这个民族大义和历史潮流面前，一切分裂祖国的行径和伎俩都是注定要失败的，都会受到人民的谴责和历史的惩罚！中国人民有坚定的意志、充分的信心、足够的能力挫败一切分裂国家的活动！中国人民和中华民族有一个共同信念，这就是：我们伟大祖国的每一寸领土都绝对不能也绝对不可能从中国分割出去！
各位代表！
我们生活的世界充满希望，也充满挑战。中国人民历来富有正义感和同情心，历来把自己的前途命运同各国人民的前途命运紧密联系在一起，始终密切关注和无私帮助仍然生活在战火、动荡、饥饿、贫困中的有关国家的人民，始终愿意尽最大努力为人类和平与发展作出贡献。中国人民这个愿望是真诚的，中国决不会以牺牲别国利益为代价来发展自己，中国发展不对任何国家构成威胁，中国永远不称霸、永远不搞扩张。只有那些习惯于威胁他人的人，才会把所有人都看成是威胁。对中国人民为人类和平与发展作贡献的真诚愿望和实际行动，任何人都不应该误读，更不应该曲解。人间自有公道在！
中国将继续高举和平、发展、合作、共赢的旗帜，始终不渝走和平发展道路、奉行互利共赢的开放战略。中国将继续积极维护国际公平正义，主张世界上的事情应该由各国人民商量着办，不会把自己的意志强加于人。中国将继续积极推进“一带一路”建设，加强同世界各国的交流合作，让中国改革发展造福人类。中国将继续积极参与全球治理体系变革和建设，为世界贡献更多中国智慧、中国方案、中国力量，推动建设持久和平、普遍安全、共同繁荣、开放包容、清洁美丽的世界，让人类命运共同体建设的阳光普照世界！
各位代表！
中国共产党领导是中国特色社会主义最本质的特征，中国共产党是国家最高政治领导力量，是实现中华民族伟大复兴的根本保证。东西南北中，党政军民学，党是领导一切的。全国各党派、各团体、各民族、各阶层、各界人士要紧密团结在党中央周围，增强“四个意识”，坚定“四个自信”，万众一心向前进。
中国共产党要担负起领导人民进行伟大社会革命的历史责任，必须勇于进行自我革命，坚持立党为公、执政为民，深入推进全面从严治党，坚决扫除一切消极腐败现象，始终与人民心心相印、与人民同甘共苦、与人民团结奋斗，永远保持马克思主义执政党本色，永远走在时代前列，永远做中国人民和中华民族的主心骨！
各位代表！
“等闲识得东风面，万紫千红总是春。”在中国共产党领导下，经过近70年奋斗，我们的人民共和国茁壮成长，正以崭新的姿态屹立于世界东方！
新时代属于每一个人，每一个人都是新时代的见证者、开创者、建设者。只要精诚团结、共同奋斗，就没有任何力量能够阻挡中国人民实现梦想的步伐！
我们要乘着新时代的浩荡东风，加满油，把稳舵，鼓足劲，让承载着13亿多中国人民伟大梦想的中华巨轮继续劈波斩浪、扬帆远航，胜利驶向充满希望的明天！
 
谢谢大家。
"
http://news.ifeng.com/a/20180319/56855091_0.shtml,习近平向俄罗斯当选总统普京致贺电_新改革时代,2018-03-19  08:31:44,"原标题：（国际）习近平向俄罗斯当选总统普京致贺电
新华社北京3月19日电3月19日，国家主席习近平向俄罗斯当选总统普京致贺电。
习近平在贺电中指出，近年来，俄罗斯人民团结一心，在强国复兴发展道路上坚定前行，经济社会发展取得显著成就，在国际事务中发挥着重要建设性作用。相信俄罗斯一定能不断创造国家发展新的辉煌。当前，中俄全面战略协作伙伴关系处于历史最好水平，为构建相互尊重、公平正义、合作共赢的新型国际关系和人类命运共同体树立了典范。中方愿同俄方一道努力，不断推动中俄关系在高水平上迈上新台阶，助力两国各自发展，促进地区及世界和平安宁。
"
http://news.ifeng.com/a/20180318/56832905_0.shtml,社会各界热烈拥护习近平当选国家主席、中央军委主席_新改革时代,2018-03-18  07:05:01,"原标题：社会各界热烈拥护习近平当选国家主席、中央军委主席
新华社北京3月17日电大国远航的征程，需要高瞻远瞩的掌舵者。
民族复兴的使命，呼唤勇毅担当的领路人。
2018年3月17日上午，十三届全国人大一次会议选举习近平为中华人民共和国主席、中华人民共和国中央军事委员会主席。
广大干部群众表示，这一选举结果充分反映了全党全军全国各族人民的共同愿望和心声，充分体现了党的意志、人民意志、国家意志的高度统一，必将鼓舞和激励亿万人民更加紧密团结在以习近平同志为核心的党中央周围，同心同德、开拓进取，为决胜全面建成小康社会、夺取新时代中国特色社会主义伟大胜利、实现中华民族伟大复兴的中国梦而努力奋斗！
这是历史和人民作出的郑重选择——党的十八大以来的历史性成就、历史性变革充分表明，习近平总书记是当之无愧的党的核心、军队统帅、人民领袖
如潮的掌声，见证着历史。
人民大会堂万人大礼堂，随着全票当选的选举结果宣布，习近平起身，向全场热烈鼓掌的代表们鞠躬致意。
“人民有了主心骨，国家有了领路人！”今年68岁的山西汾阳市贾家庄村党委书记邢利民代表说，“过去5年，在以习近平同志为核心的党中央领导下，我们的国家发生了巨大变化，我们的生活越来越好。这样的领袖我们衷心拥护、全心信任！”
中国人民解放军航天员大队航天员王亚平代表说，过去5年，以习近平同志为核心的党中央推动党和国家事业取得历史性成就、发生历史性变革，引领人民军队实现了政治生态重塑、组织形态重塑、力量体系重塑、作风形象重塑，习近平总书记是当之无愧的党的核心、军队统帅、人民领袖。
众望所归，民心所向。2900多名代表的郑重投票，代表着全党全军全国各族人民的共同心声。
中组部、中宣部、全国人大常委会机关、全国政协机关干部职工一致认为，党的十八大以来党和国家事业取得历史性成就、发生历史性变革，根本在于形成了习近平总书记这个坚强核心，在于以习近平同志为核心的党中央坚强领导，在于习近平新时代中国特色社会主义思想科学指引。在新时代凝聚全党、团结人民，战胜挑战、破浪前进，党和国家必须有坚强有力的领导核心。我们要坚决维护习近平总书记在党中央和全党的核心地位，维护党中央权威和集中统一领导，坚决贯彻落实以习近平同志为核心的党中央各项决策部署。
习近平当选的消息通过无线电波、电视信号和互联网传向祖国的大江南北，广大干部群众一致表示拥护。
在习近平考察过的沈阳机床(集团)有限责任公司，正在加班的操作工程师夏梓珺和同事们，第一时间从手机上看到了习近平当选的新闻快讯。“这是我们一线产业工人的共同心愿。”夏梓珺说，正是在习总书记的殷切嘱托和关心鼓励下，我们勇攀装备制造业高峰，在技术上有了话语权，产品已达到世界一流水平。
新疆生产建设兵团第六师北塔山牧场位于祖国边境线上，退休医生李梦桃在这里亲历了半个多世纪的时代变迁。“从没电、没路、不通车的孤岛，到如今柏油路、医院、幼儿园、文化中心样样齐全的社区，我们牧场日新月异的变化就是以习近平同志为核心的党中央引领中国实现跨越式发展的缩影。”李梦桃说，从经济、政治、社会、文化、生态等各个方面，新发展理念正在推动国家一步步向前，我们有了更多获得感、幸福感、安全感。
民盟中央、致公党中央、无党派人士表示，要自觉接受中国共产党领导，自觉维护习近平总书记的核心地位，自觉维护中共中央权威和集中统一领导，切实承担起“好参谋、好帮手、好同事”的责任，充分展现新气象、新干劲、新作为，更好发挥我国新型政党制度的特点、优势和作用。
这是凝心聚力的人格感召——习近平总书记的崇高风范和深厚情怀，激荡起亿万人民团结奋斗的磅礴力量
“我宣誓：忠于中华人民共和国宪法，维护宪法权威，履行法定职责，忠于祖国、忠于人民，恪尽职守、廉洁奉公，接受人民监督，为建设富强民主文明和谐美丽的社会主义现代化强国努力奋斗！”
新一届国家领导人在人民大会堂向宪法庄严宣誓，成为新中国历史上首批举行宪法宣誓的国家领导人。
中央纪委机关、中央政法委、最高人民法院、最高人民检察院干部职工一致认为，习近平当选国家主席、中央军委主席后带头进行宪法宣誓，高度体现了他尊崇宪法、遵守宪法和维护宪法的崇高风范，体现了他严以律己、以身作则和以上率下的崇高品质，彰显了他依宪治国、依宪执政的坚强决心，是全体党员干部和全国人民的光辉垂范。
厉行法治，常修政德。今年全国两会期间，在重庆代表团参加审议时，习近平总书记针对重塑风清气正政治生态，强调“立政德，就要明大德、守公德、严私德”。
回想这一幕，重庆渝中区委书记黄玉林代表深有感触地说：“讲政德、树正气，习近平总书记率先垂范、身体力行，我们要以他为榜样，时刻谨记手中的权力来源于人民，时刻谨记全心全意为人民服务。”
5年来，以习近平同志为核心的党中央以“打虎”“拍蝇”“猎狐”的组合重拳，扎牢制度笼子；以刮骨疗毒、壮士断腕的自我革命，再塑政治生态；以深入贯彻落实“八项规定”精神的身体力行，让人民感受着“不忘初心”的政治情怀。
从雪域高原到海岛边陲，从革命老区到民族地区，习近平总书记用走遍全国14个集中连片特困地区的足迹，践行着“人民对美好生活的向往，就是我们的奋斗目标”的铮铮誓言。
四川省凉山彝族自治州昭觉县支尔莫乡阿土列尔村村民某色拉洛和乡亲们围坐电视机前，全程收看了直播。
这里是习近平总书记牵挂在心的“悬崖村”，这里有他始终惦念的贫困群众。
“去年我们村刚完成电网改造升级，今天能在电视里看到总书记，我们很多人激动地哭了。”某色拉洛说，“过去的5年是我们村变化最大的5年，出行有了钢梯，手机有了信号，山上山下有了幼教点。习近平总书记是我们彝族百姓最尊敬、最爱戴的人，我们永远跟着共产党走！”
发展的希望，写在960多万平方公里的广袤大地上。光明的未来，照亮13亿多全国各族人民的心田。
来自云南的纳西族全国政协委员和向红说，我们要牢记习总书记的殷切期望，铸牢中华民族共同体意识，像石榴籽一样紧紧抱在一起，共同团结奋斗、共同繁荣发展、共享美好生活。
初心不改，矢志不渝。习近平总书记心系国家、情系人民的人格魅力，进一步凝聚起中华民族的磅礴之力。
湖南省宜章县委书记王建球说：“人民至上的奋斗目标、不忘初心的执政理念，这样铿锵有力的誓言激励着我们基层干部倾听人民呼声，回应人民期待，奋发有为、真抓实干，不断实现好、维护好、发展好最广大人民的根本利益。”
这是催人奋进的时代号角——让我们更加紧密地团结在以习近平同志为核心的党中央周围，不忘初心、牢记使命、永远奋斗
“习近平当选国家主席、中央军委主席，更坚定了我们带领全村百姓推动乡村振兴的决心。”亲历这一重要历史时刻，内蒙古赤峰市松山区大庙镇小庙子村党支部书记赵会杰代表的心情激动难平。
习近平总书记在参加内蒙古代表团审议时听取了赵会杰的发言。赵会杰说：“习总书记非常关心农村，也真的懂农民，问的问题都切中要害，给我们今后的工作指明了方向。我们要加大人才队伍建设，力争让更多年轻人留在乡村，努力实现农业强、农村美、农民富的目标。”
新的征程已经开启，奋斗号角嘹亮吹响。广东东阳光科技控股股份有限公司总经理张红伟代表表示，今年是改革开放40周年，在以习近平同志为核心的党中央坚强领导下，广东作为改革开放的排头兵、先行地、实验区，必将再造改革开放新优势，在动力转换中迎来更高质量、更可持续的发展。
惟改革者进，惟创新者强，惟改革创新者胜。
“良好的营商环境正在形成，企业在国家创新驱动发展中更要抓住机遇、大干一场。”齐鲁制药有限公司总经理李燕代表说，我们要争取在更多的临床急需领域实现科研突破，研制出更多新药，为建成世界一流医药强国、为健康中国贡献力量。
时不我待，只争朝夕。人民在期待，历史在期待，世界在期待。
自“一带一路”倡议提出以来，福建医科大学党委副书记王诗忠深深感到，中国的对外交流合作日趋活跃，国际软实力显著提升。“我们学校现有来自‘一带一路’沿线17个国家的205名学生，他们毕业后，不仅将成为各自国家医疗卫生领域的骨干，还将把中国倡导的共商共建共享的理念传播四方，让更多人分享中国发展的红利。”王诗忠说。
光辉思想，开启了盛世气象。
国家发展改革委、科技部、国家农业部门干部职工表示，将以永不懈怠的精神状态和一往无前的奋斗姿态，奋力投身新时代中国特色社会主义伟大事业，在创新和完善宏观调控、深化供给侧结构性改革、建设现代化经济体系、推动高质量发展上下更大功夫，不折不扣地把党的十九大和全国两会重大决策部署落到实处，努力实现新时代新作为。
恢宏蓝图，感召着奋进脚步。
全国总工会干部职工表示，今后要进一步坚定“四个自信”，自觉讲政治、顾大局、守纪律、促改革，在决胜全面建成小康社会、全面建设社会主义现代化国家新征程中展现亿万职工新作为。
承前启后、继往开来，广大青年意气风发、倍感振奋。
“生逢其时，我们没有理由不努力、不奋斗，没有理由辜负这个伟大的新时代。”中国人民大学劳动人事学院社会保障专业2017级博士研究生王燊成说，我们要用习近平新时代中国特色社会主义思想武装头脑、指导实践，在专业学习中钻研求索，在基层工作中磨砺自我，把青春的奋斗融入中国特色社会主义建设的伟大事业。
中华民族伟大复兴，绝不是轻轻松松、敲锣打鼓就能实现的。陆军工程大学学员郑绵绵说，一代人有一代人的长征路。我们要不忘初心、牢记使命，紧密团结在以习近平同志为核心的党中央周围，向着中华民族伟大复兴的中国梦奋勇前进！
"
http://news.ifeng.com/a/20180327/57099110_0.shtml,警察12年前救遭遗弃女婴 加拿大夫妇收养后致谢_暖新闻,2018-03-27  17:03:29,"暖闻｜民警12年前救遭遗弃女婴，加拿大夫妇收养后越洋致谢
3月17日上午，（湖南）郴州市公安局北湖分局石盖塘派出所，一对外国夫妻，一名中国民警，三人紧紧相拥，他们之间究竟发生了什么？
派出所来了一对外国夫妇
3月17日上午9时许，北湖分局石盖塘派出所来了一男一女两位外国人，嘴里一直念叨着:“Who is cao jian ping?”
找我？这是什么情况？所长曹建平一脸纳闷，自己可从来没有与这两位外国朋友打过交道。
同行的中国翻译解释：外国女子名叫克里斯蒂娜，同行的是她丈夫，此次夫妻俩专程从加拿大赶来，是为了亲口替女儿向救命恩人曹建平说声谢谢的！
原来，因为一个小女孩，他们之间在12年前就已经结下了不解的缘分。
12年前的一起报警
时光追溯到2006年5月11日，时任副所长的曹建平接到群众报警电话称：石盖塘镇昌宏修理厂大门口有个婴儿被遗弃了。
曹建平立马出警赶往现场，当看着刚出生不久的婴儿就这么被遗弃，他格外心疼，小心翼翼将她抱回了派出所。他翻开婴儿的包裹，想寻找一些线索，发现里面有一张写着出生年月日的纸条、300元现金以及奶粉等随身物品，看来女婴的亲生父母是希望有好心人能收养孩子。
经过民警的多方工作，仍然没有查找到女婴父母和其他亲属的信息。为了让孩子得到更好的照顾，曹建平只好将她安置到福利院。福利院为小女孩取名郴丰源，她的故事在镇里逐渐传开，有许多爱心人士想领养，但按当时的规定，没有领养成功。
后来，这对加拿大夫妻通过红十字会收养了郴丰源。在夫妻俩精心养育下，郴丰源健康成长，不仅成绩拔尖还十分懂事。女儿的成长，给夫妇俩带来了无限快乐。为感谢恩人，更多地了解女儿的身世，夫妻俩特地跨过大洋来到中国，替女儿感恩寻亲。
小女孩被民政部门捡拾抚养的证明材料本文图均为郴州公安微信公众号图
漂洋过海来找你
夫妇俩首先来到了女儿待过的福利院，从福利院得知12年前救助女儿的是曹建平后，便立马赶到了石盖塘派出所。
当知道正在接待他们的民警就是曹建平时，妻子克里斯蒂娜激动地说：“曹警官，我想替女儿抱抱你”。随后，她一边紧抱着曹建平，一边流泪，不停地说着感谢的话语！
曹建平一边向夫妻俩详细介绍了当时的情况，一边带他们来到了当年拾捡到孩子的地方。
之前，夫妇二人心中一直存有疑惑，究竟有什么难言之隐，让亲生父母要割舍这个孩子？孩子被收养前是否有人照顾？当从曹建平这里，听到之前从未了解到的细节，当得知女儿曾被许多人关心过，克里斯蒂娜一下子得到释怀。
得知小女孩如今过得很幸福，被照顾的很好时，曹建平也觉得十分安慰和开心。
外国朋友写下两封感谢信
第二天，克里斯蒂娜一行打算离开郴州。离郴前，他们又专程赶到派出所，将事先写好的一封感谢信亲自交到曹建平手中，并送上一包从加拿大带来的糖果。
担心民警不懂英文，克里斯蒂娜还照着翻译笔迹，用中文重抄了一遍感谢信。
克里斯蒂娜送给曹建平的糖果
感谢信
中文重抄的感谢信
小女孩郴丰源是不幸的，一出生便被亲生父母遗弃；但她又是幸运的，来自不同国家，不同行业的爱心人士给了她温暖与关爱，让她得以沐浴在爱里，健康快乐成长。
爱，不分行业，不分肤色，不分国界，它是寒冷冬日里的阳光，是干涸土地上的清泉，是漫漫长夜里的灯光。
愿你我之间，更多一点爱；愿我们的社会，更多一些友好！ 
相关新闻
弃婴被外国夫妇领养，20年后与亲生父母断桥相见看哭所有人
 
"
http://news.ifeng.com/a/20180326/57072806_0.shtml,六年了 她用1552条微博陪去世妈妈“唠嗑”_暖新闻,2018-03-26  18:51:40,"原标题：六年了她用1552条微博陪去世妈妈“唠嗑” 太感人网友哭着从第一条...
​​“妈，明天是你的六十六大寿，可是你走得太早了，眼看离开我六年了，我给你留言也快六年了，我俩就是这么交流的，就像以前每天都通好几个电话一样……”在拥有3.92亿活跃用户的微博中，这是最为特殊的一个。这是沈阳80后女孩璐璐怀念已故母亲的微博。而类似这样的微博，她从2012年的6月一直写到现在，截至昨天，已经有1552封“信”寄给天堂的妈妈，而这浓浓的母女情更是戳中了无数网友的泪点。有网友感慨，每一篇微博都是催泪弹，谢谢你让更多人去更珍惜拥有妈妈的每一天。
初衷： 就是想和妈妈唠唠嗑，要写到最后一刻
璐璐的微博叫“@璐璐给妈妈的信”，第一篇微博的发布时间是2012年6月12日，在这条微博中，她写道：“妈，今天是你离开我们的第10天，确切地说我已经有11天没见到你了！这可能是我30年的人生中，除了出差之外第一次这么久没见到你。妈，我还会一如既往地像你生前一样，每天都和你联系，晚上到家一样会和你报平安，只不过都在这里，直到我离开人世的那一天！”
璐璐告诉沈阳晚报、沈报融媒记者，虽然平时工作繁忙，但妈妈健在的时候，她每天都会和妈妈通三四个电话。在电话中，她习惯有什么话都和妈妈说。而自从妈妈永远地离开了她，她决定把微博作为一个和妈妈沟通交流的空间，就像是每天和她通电话一样，于是写微博成了她生活的一部分。
在璐璐看来，她和父母之间，没有什么感天动地的故事。她只是个平凡的沈阳女孩，她的家庭也是个普通的家庭。在父母身边的30年，一直平淡而幸福，而妈妈的离去，对她来说如同晴天霹雳。从那以后一直到现在，璐璐几乎每天都会更新微博，全部都是和妈妈唠的家常话。微博里事无巨细，每一个生活的点滴，璐璐都希望能够通过这一方式传递给妈妈，有的时候一天会连发三四条，算上3月24日发的最新一篇，已有1552条微博。每篇微博都是以“妈”开头，就像平常唠嗑一样，微博中有很多是写她当天遇到的事情，还有一些联想到妈妈在世时的往事，言辞中充满了她对妈妈的想念和愧疚之情。
微博粉丝已超七万
让更多网友懂得珍惜
“树欲静而风不止，子欲养而亲不待！我曾无数次签名说时光无法倒流，请珍惜身边的人！可是，我仍然没有珍惜住，还是留下了太多的遗憾!”这是璐璐的微博签名，虽然只有寥寥数语，却传递出对母亲的无限思念。
璐璐感慨，如今她深深体会到只有错过了才知道后悔，过去妈妈时常让她陪着一起逛街，但她却嫌妈妈买东西磨叽，总是推托；还有以前妈妈总让她教自己如何摆弄手机，她总是不耐烦嫌妈妈学得慢，现在想想实在是太不懂事了。
“其实，有的时候不是父母不了解你，而是你没有给他们机会，他们只是你手机背面的那两个人，而你却是他们的全世界。放下手机跟他们聊聊，你最近好吗?有什么新朋友?工作开心吗?有什么烦恼?其实他们很想知道。以为生命很长，其实相处很短，希望年轻人们能放下手机，给爸妈一点时间。”璐璐告诉记者，每到逢年过节，许多儿女都在想着为父母操办点什么礼物，尽尽儿女们的孝心，而最好的礼物就是，无论在哪，都尽量抽出时间回家看看，陪父母说说话。
截至目前，她的微博粉丝已超过7万，数以千计的评论里，安慰、感同身受、发誓孝顺的比比皆是。让璐璐欣慰的是，通过这个暖暖的微博，也让不少网友更珍惜拥有妈妈的每一天。
网友“小戴戴酱”：看了你的微博后，我决定以后加倍对爸爸妈妈好！珍惜眼前人，不留遗憾！
网友“半夏微凉”：翻了好久才看到第一条，哭着从第一条看到最后一条。
网友“sunny”：真的看哭了，心里的感觉说不明白。想想我昨天还和妈妈顶嘴了，就因为听不惯那些重复的唠叨，感觉特别对不起妈妈，想妈妈了！
网友“小太阳”：用手机一点点的翻到第一条开始读，一页还没读完就泪崩了！
网友“减肥中的小花”：看完所有微博发誓再也不和妈妈发脾气了。
网友“燡欣李”：我还在上班，看得我呜呜哭，领导让我办事去我都不敢看领导的眼睛，我突然觉得自己的幸福，我突然好想回家找我妈妈，突然觉得爱的伟大，突然再也不想惹她生气……沈阳晚报、沈报融媒高级记者白昕
"
http://news.ifeng.com/a/20180326/57057958_0.shtml,你是我的眼！台湾老汉失明20年搭老伴肩外出行动自如_暖新闻,2018-03-26  10:17:01,"原标题：你是我的眼：台老汉失明20年不拿拐杖搭老伴肩外出
中新网3月26日电据台湾《联合报》报道，台湾一位双目失明的老汉天天外出，但20多年来从不拿拐杖，都是搭着老伴的肩行走，过马路、乘坐公交车都行动自如，被邻居称作《你是我的眼》真实版人物。
对双目失明的张舞山来说，老妻阿英就是他的拐杖，天天陪在身边。他幸福地笑说“阿英就是我的眼睛！”邻居形容，这对恩爱夫妻就是盲人歌曲《你是我的眼》的真实版人物。
70多岁的张舞山说，眼睛是年轻时在金门服役时被炮弹伤到的，视力逐渐退化，20年前还看到一点点影像，后来就完全看不到了。
“我看不到，自己走路常会跌倒，幸好有阿英的肩膀让我靠。”张舞山说他自己很幸福，阿英有点轻微智障，但很认命，对他非常好，夫妻感情很好。
阿英不太会说话，她用手比着自己肩膀说，“他把手放我的肩上”。她说，丈夫看不到路，她就用自己的肩让他靠，因为丈夫比她高很多，手抬久了会酸，常常要换手搭肩。
两人相依为命，每周有三天会去议员杨石城服务处拿爱心便当，回家就不用煮饭。邻居表示，张舞山夫妻都一起出门，一前一后的身影，让人印象深刻。
"
http://news.ifeng.com/a/20180326/57050505_0.shtml,88岁老兵救落水幼童 战场上为保通讯曾用身体导电_暖新闻,2018-03-26  03:30:05,"原标题：老兵，勇者88岁抗美援朝功臣救起落水幼童
老兵，勇者88岁抗美援朝功臣救起落水幼童
60多年前的战场上，他曾用身体连接通讯线路
老人坚毅
“我当时啥都没想，就脱了外套滑入水里，第一件事就是先把孩子救起来。”
“忘不掉自己曾是一名军人，不管当时多危险，我都要去救人。”
女儿感动
“爸爸平常要人搀着走，没想到他竟跳下河去救人。”
“这样的爱心家风，我们要一直传承下去！”
3月21日，绵阳市三台县乐安镇，1岁7个月大的希希骑着儿童车在河边玩耍时，不慎连人带车坠入河中。危急时刻，附近正在浇菜的88岁老人何友毅丢下水瓢，不顾安危入水将小孩救起，而自己却因体力不支陷入淤泥。后被其他人救起。
这不是何友毅第一次救人，早在15年前，他就在同样的地方救起了另外一名小孩。
他还有可歌可泣的英雄事迹。60多年前，何友毅在抗美援朝战场上，面对枪林弹雨的威胁，为了连上通讯线路，他毅然用自己的身体作为导体，将缺少一截的线路，接在了自己身上，而他醒来时，已经在医院昏睡了4天……
幼童坠河
88岁老人为救人身陷淤泥
3月25日下午，三台县乐安镇何家桥村，万里无云。希希正在自家园里玩耍，年幼的他也许并不知道，几天前，他经历了怎样的险境。
21日，希希的婆婆岳女士推着儿童车，带着他在门前村道散步。村道旁有一条宽约6米的小河，河中心超过3米深。
看着村道旁的垃圾桶正冒着烟，岳女士准备去把火弄熄灭。怕烟熏着孙子，她便独自一人走向几米外的垃圾桶。
“因为我们那个车没有刹车，怕希希自己骑，我还特意固定了一下车头。”岳女士没有想到，一眨眼的功夫，意外就发生了。
岳女士还未走近垃圾桶，习惯性转身看孙子，希希已经不在路上，只听着“咚”的一声，孙子已经掉河里去了。“当时吓懵了，我也不会游泳，只能尖叫起来。”
呼喊声还未传远，岳女士便看到20多米外的何友毅跑了过来。跑来的老人是自己的幺爷爷、希希的玄祖，已经快90岁了。“我当时人是懵的，待反应过来的时候，只见老人已经站在水中，把孩子提了起来，放在肩膀上。”岳女士回忆说，她赶紧过去把孙子接过来……
15年前
同一地点他救起另一个小孩
希希家旁边十米不到，就住着何友毅老人。25日下午，迎着阳光，何友毅老人正在门前洗衣台上擦着自己的皮鞋。
说起救人的事，老人摆摆手，表示没什么大不了。事发当天下午，他正在门前菜地浇水，距离河边大约20米，听到“救命”的呼喊声后，他丢下水瓢就跑了过去。
“我当时啥都没想，就脱了外套滑入水里，第一件事就是先把孩子救起来。”何友毅说，自己有点驼背，年纪大了力气也不够，就把孩子放在自己的肩膀上，推给站在岸边的人。
这一推，老人也花光了自己的力气，脚陷入浅水淤泥中，不能上岸。就在这时，河边钓鱼的两个男子赶到，将老人救了起来。
赶来的两名男子还提供了一段视频，在视频里，能够清晰地看到老人离岸边一米多远，站在冰冷的水中，小孩已经被他救起来，他自己却没了力气，在他人的帮助下才上岸。
这不是老人第一次救人，早在15年前，在希希坠河的河边，他还救起了前来走亲戚的一个小孩。“爸爸这个事情我们也是通过别人才知道的，我们感觉很惊奇，他平常走路都要人搀扶着走，真的没想到他有这么大的勇气跳下河去救人。”何友毅的女儿何秀琼说，“我们做儿女的真的很感动，很敬佩。这样的爱心家风，我们要一直传承下去！”
60年前
战场上为保通讯用身体导电
老人家门正上方，有一块“人民功臣”的牌匾。是1952年三台县人民政府所赠，纪念其在抗美援朝时荣立三等功。
1951年，何友毅参军，随后前往北方，参加抗美援朝。
在前线，老人当时主要负责通讯保障工作。有一天，战火再起，指挥部里面的信号却突然断了，整个通讯网络陷入瘫痪。
“当时政委找到我，说炮弹把一段线路炸断了，必须派人去接好线路。”老人回忆说，团里仅有的几名通讯兵都已经牺牲，只有他能够去接好线路。他接到命令后没有片刻停留，立即赶了过去。
战斗仍在继续，冒着随时被击杀的危险，何友毅找到了断线的地方，可眼前的的一幕让他的心跌入谷底。“被炸断的线太长了，差一点点才能接上，而我没有时间再去找线路。”想着来时跟自己一起、后来牺牲的战友，何友毅毅然选择把自己的身体作为导体来连接线路。
何友毅当时也不知道自己是否能够成功，当他醒过来时，已经是战争结束后的第5天，他在医院昏睡4天才清醒过来。“战友告诉我，当时政委说一定要把我救回来，哪怕死了，也要把遗体带回来。”
1957年，何友毅老人复员回家，多年过去，他仍忘不掉自己是一名军人，“小孩有危险，我们要有主人翁意识，不管当时多危险，我都要去救人。”华西都市报-封面新闻记者刘虎
"
http://news.ifeng.com/a/20180325/57040816_0.shtml,河南郑州：聋哑母亲剖宫产 护士全程写字沟通_暖新闻,2018-03-25  16:12:50,"原标题：河南郑州：聋哑母亲剖宫产护士全程写字沟通
央视网消息：近日，郑州市妇幼保健院迎来了一位特殊的产妇，为了帮助这名聋哑产妇稳定情绪、顺利生产，麻醉科的护士全程用纸条和她沟通，最终这位产妇顺利产下了一名女婴。
在郑州市妇幼保健院，记者看到了密密麻麻写满字的五页纸，事情还得从13号说起，陈会晓是一名护士，当天她在和一名产妇进行术前沟通时，发现这名产妇竟然是一位聋哑人，这将给手术造成一定的困难。
郑州市妇幼保健院手术室麻醉护士陈会晓：因为麻醉是手术的关键部分，那我要从打麻醉、你这个体位的摆放，然后打完麻醉之后你怎么配合，然后手术什么体位，术中可能会发生什么情况，你什么感觉到哪一步，这些我都要提前告知到她，因为这样病人有一个心理准备。
遇到这种情况，医护人员原打算和产妇的家属沟通，再让他们之间交流。但让大家没想到的是，夫妇二人都是聋哑人，这种情况对于保健院的护士来说还是第一次遇到。而对于聋哑产妇来说，不能喊也不能说，生产过程中会比常人承受更大的压力。为了手术能够顺利进行，陈会晓拿来了纸和笔，尝试和产妇以写字的方式来沟通。
就这样，关于术前的准备，术中的注意事项，以及可能出现的情况等，两人密密麻麻写了四五页。而为了应对一些可能突发的情况，陈会晓不但一直陪伴在产妇身边，还为她想出了一旦有任何不适怎样表达的办法。
郑州市妇幼保健院手术室麻醉护士陈会晓：我说那你就拍手（托支）架，最简单就是直接拍手（托支）架。因为手术过程中还是比较安静的，她只要有一点动静，我们都是能观察到的。
“现在给你吹着暖风，手术时就不会冷了”，“想说什么话，你可以写下来”。在陈会晓的疏导下，上午11点30分，随着一声嘹亮的啼哭，一名女婴出生了，重六斤四两，母女平安。
产妇婆婆：我觉得他们医院的护士包括医生，都真是太好了，又贴心、又专业，谢谢你们，真是天使！
"
http://news.ifeng.com/a/20180129/55575394_0.shtml,大鱼漫画：圣雄的诞生，从被丢下火车那一刻开始_数闻画说,2018-01-29  17:46:18," 
 
"
http://news.ifeng.com/a/20180324/57025675_0.shtml?_cpb_shehui,中俄边境那54只断手，是他们干的？_凤凰资讯,2018年03月24日 19:35:26,"原标题:中俄边境那54只断手，是他们干的？
编者按
3月8月，俄罗斯媒体称，在中俄边境附近的一个被冰雪覆盖的小岛上，一个装着54只被砍断的冰冻人手的神秘袋子被发现。在网络上曝光的一张照片中，54只手杂乱堆积在雪地里，像被倒落的手套。另一张照片里，这些手则被整齐排成队列。这惊恐的一幕到底为何会发生？
3月10日，环环在报道中援引美国媒体的猜测，认为
今天，依据看看新闻的报道，“俄罗斯54只断手”事件又出现新的猜测。
两周前，俄罗斯哈巴罗夫斯克附近发现54只被砍下的手。在这一可怕事件发生两周后，当地官员表示，尽管进行了深入的调查，但是没有人知道这些手是什么人的，以及为什么出现如此骇人事件，这些手也与当地政府无关。当地媒体则猜测认为，
▲ 被砍断的冰冻人手
这一事件发生在俄罗斯哈巴罗夫斯克附近阿穆河的一个岛上，这个岛距离中俄边界只有约30公里。当地居民先是在河边发现了一只断手，警方随后发现了装着大量断手的被丢弃的袋子。对于这些断手的来源，当地媒体报道说，在发现断手的附近还找到了医用绷带和医院式塑料鞋套。断手可能与当地政府有关，是他们将手从不明尸体上砍下拿去做指纹检测。
不过，哈巴罗夫斯克当地政府对此予以否认。地区法医局局长Anatoly Nesterov表示，“我们收到不明身份的尸体，去年有410具。”“病理学家将手切下，并将它们送给警方专家，他们拿去指纹（鉴定）。接下来，切下的手被送到太平间，与其他生物材料一起存放。一旦生物废料的重量达到50或60公斤，就会被埋掉或火化掉。”当地官员表示，自从2015年以来，就没有进行过任何处置，发现的54只断手与“法医服务”无关。
一家名为哈巴罗夫斯克“SpetsKombinat”的公司负责处理当局切下的四肢。该公司发言人也强烈否认有任何不当行为，并表示“我们对我们所做的事保持完全控制。”他还强调，公司并没有受到怀疑。
据《西伯利亚时报》报道，另一种理论认为，这些手是从最近死亡的人的尸体上切下的，这些人的器官被放到黑市上卖掉，切下手就是为了隐藏黑市交易中受害者的身份。还有一种观点认为，这些手可能是来自日本的跨国有组织犯罪黑社会团伙。对于这些观点，调查人员还未做出评论。
来源：看看新闻 环球网
"
http://news.ifeng.com/a/20180325/57037919_0.shtml?_cpb_shehui,苹果打车比安卓贵？我们可能被大数据杀熟了_凤凰资讯,2018年03月25日 12:02:22,"原标题:“大数据杀熟”刷屏，一群网友亲测后气炸！
都说老顾客很重要，不过这两天互联网厂商“大数据杀熟”的新闻，却引来网友的一片热议....
近日，有网友发现，同一段路程，打车软件对两部手机的报价却不一样：
这是真的吗？不少网友走上了验证的道路：
不试不知道，一试吓一跳？分明是一样的路程，为什么价格不一样？上网一搜，才知道自己是遇上大数据杀熟了！
什么是大数据杀熟？
所谓“大数据杀熟”，有人将其定义为互联网厂商利用自己所拥有的用户数据，对老用户实行价格歧视的行为。
也就是说：同一件商品或者同一项服务，互联网厂商显示给老用户的价格要高于新用户。
此前，媒体调查就曾发现，在机票、酒店、电影、电商、出行等多个价格有波动的平台都存在类似情况，且在在线旅游平台较为普遍，而国外一些网站早已有过类似情况。
这些情况，你是否也遇到过？
1
情况一：老用户比新用户价格高？
据报道，有网友称，自己在某电影票订票平台上体验到了被“杀熟”。
她表示，用新注册的小白账号、普通会员账号和高级别的会员账号同时选购同场次电影，最便宜的是小白账号，其次是普通会员账号，而高级别的账号一张票要比小白账号贵出5元以上。另外，自己下半年开始，电影票平台价格显示均价30-40元，而一年前均价为20元。
2
情况二：苹果用户比安卓用户价格高？
目前，大家的手机大多分为两个阵营，分别是苹果iOS系统和安卓系统。然而，一位网友发现，用苹果手机打车比安卓手机打车贵。
此外，某些视频网站也会根据手机不同型号给出不同的收费待遇。以某视频网站为例，开通VIP会员，安卓用户1个月、3个月和6个月的价格分别为20元、58元、108元，年费是198元；而苹果用户购买则要贵出5-35元不等。对于存在价格差异的原因，客服表示，是由于其中包含苹果收取的手续费。
3
情况三：不买价格变更贵？默认捆绑上次服务？
媒体报道，在线旅游平台被批评存在“大数据杀熟现象”最多。一位网友表示，自己在某在线旅游平台订机票，选好的那班每次看时都会上浮；而当自己选好该机票后取消，再选那个机票时，价格立刻上涨甚至翻倍，在自己觉得“不买会更贵”而匆忙下单后，发现该航班价格又恢复到最初的低价。
此外，还有一种根据用户的“上一次行为”而默认捆绑相应服务。例如刚刚注册会员的用户，他在购买机票时，系统仅默认显示一张机票的价格。而一旦他在这一次同时勾选了贵宾休息室、接送机服务或酒店优惠券等附加服务，那么在下一次下单时，系统会默认帮他勾选同样的服务。
4
情况四：不同用户，价格不同
有网友在微博发出两张截图称，自己与家人在某旅行APP搜索机票，同一航班同一时间不同手机搜索出来的价格却不同：
除了以上情况外，在一些网站，大V在客服投诉等方面甚至享有特权。同时，还存在同一位用户在不同网站之间数据被共享这一问题，许多用户遇到过在一个网站搜索或浏览的内容立刻被另一网站进行广告推荐的情况。
是价格“歧视”还是价格“机制”
不少网友看到“大数据歧视”后表示，自己也曾遇到过这样的情况：
但也有网友表示，还是应该以实际情况出发，打车出现误差在所难免：
但也有网友表示，还是应该以实际情况出发，打车出现误差在所难免：
对于这种现象，专家也有不同观点
有专家认为，大数据把经济学中的“一级价格歧视”实现了。
中国人民大学公共管理学院组织与人力资源研究所教授刘昕表示，“过去经济学里讲一级价格歧视，听上去像是天方夜谭，现在有了所谓的大数据，倒是堂而皇之地实现了。一级价格歧视又称完全价格歧视，每一单位产品都有不同的价格，它假定垄断者知道每位消费者对任何数量的产品要支付的最大货币量，并以此决定价格，因而能够获得每位消费者的全部消费剩余。”
也有专家认为，这其实是给价格敏感的人提供了更多优惠。
知名大数据专家、电子科技大学大数据研究中心主任、教授博导周涛表示：“让不同的消费者看到不同的价格，大家往往一听到这个就觉得是价格歧视。其实可以反过来想，有些消费者看到的是原价，有的消费者可能会看到优惠券、返现券后的价格。在这种意义上讲，我们可以不把它理解为价格歧视，而是给价格更敏感的人更多优惠。”
“大数据杀熟”是否违法
大数据技术本身是中性的，关键在于使用者用来做什么。
人民日报的一则评论引起了网友关注。该评论表示，从福利经济学的视角，针对不同消费能力群体差别定价并非一定是坏事。然而，同一时刻对同一产品的差别定价，尤其是将消费者蒙在鼓里随意加价的情形，并不在其列。为了获得灰色超额利润，它损害了消费者权益，已经构成违背消费者知情权的价格欺诈，不为价格法所允许。
根据国家发改委《禁止价格欺诈行为的规定》第三条，价格欺诈行为是指经营者利用虚假的或者使人误解的标价形式或者价格手段，欺骗、诱导消费者或者其他经营者与其进行交易的行为。按照这一定义，“大数据杀熟”显然违反了《规定》，是一种典型的价格欺诈。
另外，《消费者权益保护法》还规定，经营者提供商品或者服务有欺诈行为的，应当按照消费者的要求增加赔偿其受到的损失，增加的金额为消费者购买商品价款的三倍。
来源｜中国青年报（zqbcyol）综合人民日报、北京青年报、央广网、新浪科技、光明网、新浪微博等
"
http://news.ifeng.com/a/20180325/57039590_0.shtml?_cpb_shehui,为高考，检察官为这个未成年嫌犯按下“暂停”键_凤凰资讯,2018年03月25日 13:37:57," 
 
2017年，全国检察机关坚持全面保护、综合保护原则，运用惩治、预防、监督、教育等方式，将保护的触角延伸到刑事、民事、行政等各个方面，最大限度维护未成年人合法权益。对于未成年犯罪嫌疑人，检察机关将教育感化贯穿办案始终，普遍引入人格甄别和心理矫正措施，根据未成年犯罪嫌疑人的具体情况，制定个性化帮教方案，提高帮教矫治的有效性。
在检察机关的帮助下，一大批未成年犯罪嫌疑人得以回归社会。来自最高人民检察院的最新数据，2017年全国有429名未成年犯罪嫌疑人经检察机关帮教后考上大学。现在，就让我们走到他们身边，听听他们的高考故事。
在河南省会城市这所高校里漫步，看着同龄大学生的笑脸，侯丙总想起那个场景：一张浅色小桌、两杯清澈的茶水、两张沙发椅……
这个场景，是河南省洛阳市汝阳县人民检察院未检科检察官韩珮红特意身着便装与侯丙谈心的地方。当年，侯丙是一起盗窃案的涉罪未成年人，韩珮红是办案检察官。
“在那个氛围里，我敞开心扉，把自己的想法毫无保留地说了出来。韩姨就像亲人，她的每句话都重重地敲在我的心头，让我认识到自己的错误。”侯丙叹口气说，“那两部手机差点让我与大学无缘。”
侯丙从小聪明伶俐，学习成绩优异。在不少同学羡慕的目光里，他考上县里的高中。对于家境一般的他来说，看到有的同学拿着苹果手机打电话、上网，他也想用上这样的手机。
“我们在网上买苹果手机，然后利用验货环节用模型调包……”2016年10月的一天，正在读高三的张甲与家境相同的同学张乙、侯丙商量着他们的调包计划。随后，他们付诸实施，偷走两部手机，最终被警方抓获。
案件进入检察环节后，韩珮红在提审时一见到他们，就听到他们急切地问：“我们错了，不该想这样的歪招。调包来的手机还没用，对方也没什么损失，我们还能参加高考吗？”看着他们充满稚气的面孔，韩珮红对同事说：“他们3人还是在校的学生，在虚荣心驱使下，没有法制观念的他们走上了犯罪道路。如果对3人提起诉讼，他们参加不了高考，会与大学无缘，今后的人生之路可能也会由此改写。”
就这样，韩珮红带领两名同事分别对3人所在的学校、社区进行了走访。韩珮红发现，3人平时在校虽然有些调皮，但本质上不坏，没有违法犯罪记录，与同学们相处关系好，成绩也都不差。
韩珮红与同事与各方交谈后，形成了社会调查报告，向主管副检察长张文著汇报意见时认为，3人的行为虽已构成盗窃，但犯罪情节轻微，系初犯、偶犯，且系高三在校未成年人，并已取得被害人谅解，具备帮教环境和帮教条件，建议附条件不起诉。
张文著提请检察长李光会召开检察委员会研究韩珮红的意见，随后李光会主持召开检委会研究决定，同意韩珮红的意见，依法对3人附条件不起诉，并将犯罪记录予以封存，由韩珮红负责对3人进行心理疏导，使他们安心参加高考。
“为了及时掌握他们的思想动态和学习情况，及时调整帮教方案，使他们认罪悔罪，并放下思想包袱，我通过收集、总结他们面对涉及家庭、自己等敏感话题时，产生的身体、情绪表现，来判断其心理活动。与他们谈心聊天过程中，通过互留微信、QQ等，削弱彼此间的陌生感。”韩珮红说。
“有一次与侯丙聊天时，发现他有些心灰意冷，担心考上大学后，自己盗窃手机的事被学校知道，受到同学们的歧视，如果出现那样的情况，还不如不参加高考。”韩珮红听后立即给侯丙讲述了犯罪记录封存的意义，告诉他检察机关会严格保密，不会对外公开，最终消除了他的顾虑。
2017年高考前，对他们3人的考验期满后，汝阳县检察院依法对3人作出不起诉决定。高考成绩出来后，侯丙、张甲考上了理想的大学，张乙因20分之差落榜，但决定返校复读，准备迎接来年高考。
“我无法想象，如果检察机关当初没有给我一个重新做人的机会，我的未来在哪里。我现在是一名大学生，更加感觉到学法、守法的重要性。”侯丙说。
侯丙他们的故事只是个缩影，记者了解到，2017年河南检察机关先后帮教26名涉罪未成年人考上大学，目前，河南许昌等地检察机关还把法治进校园纳入本地社会治理系统工作，实现了法治巡讲常态化，从源头上减少案件发生，这也是对未成年人最好的司法保护。
2018年元旦过完不久，各地高校陆续进入寒假时间，王辉也迎来了自己大学生活中的第一个寒假。相对于其他大学新生，过去的一年里，他经历的太多。
王辉有个双胞胎哥哥王琛，兄弟间感情极深。2017年3月20日，王琛在一家网吧与刘某发生争执，二人争吵过程中，害怕哥哥吃亏的王辉随手抄起一把扳手，将刘某的头部打伤。经法医鉴定，刘某伤情属轻伤二级。因涉嫌故意伤害罪，王辉随后被公安机关采取强制措施。
河北省滦县人民检察院未检部正式受理该案后，检察官发现王辉案发时为未成年人，尚在读高三，案发后能够主动到案如实供述犯罪行为，认罪悔罪，并与被害人刘某达成和解协议，刘某出具了对王辉的谅解书。
滦县检察院认为，犯罪嫌疑人王辉可能被判处一年有期徒刑以下刑罚，符合起诉条件，但有悔罪表现，依法决定对王辉附条件不起诉，考验期为八个月。
在滦县检察院未检办案专区，王辉观看了宣传片，了解了未检部门附条件不起诉、救助未成年刑事被害人、法治进校园巡讲等工作。此前，在王辉看来，对被害人给予民事赔偿就万事大吉了，通过和案件承办检察官的深入交谈，王辉的很多不正确认识得到矫正。
在案件办理期间，承办检察官分别与王辉的父母单独见面。面对检察官，王辉的家长当面指责孩子爱冲动，检察官提出关爱孩子的方式应该易于让孩子接受，针对正在成长过程中的男孩子，更需要注意用词和语气，给予孩子人格上的认可和客观的评价。此外，针对王辉家长平时忙于生意的问题，检察官专门嘱咐他们要抽出时间对孩子关心照顾。
值得一提的是，检察官还带领王辉参加了“喻青林”考察帮教。在滦县检察院未检基地的小树林中，检察官让王辉自己选定认领一棵小树，要求他每月至少一次作出思想汇报，每月来对认领的小树浇水、拔草，同小树一起成长。王辉将亲手写的“一时冲动触刑律，痛改前非做新人”挂上小树，作为自己的警句。
“以树喻人，与树共长。‘喻青林’的目的就在于让涉案未成年人不断警醒自己，强化自律意识，强化帮教效果。”承办检察官说。此外，在考察期间，检察官还带领王辉及其家长多次参加社工志愿活动。
考验期内，王辉顺利参加高考考入大学。2017年9月23日，承办检察官利用业余时间，专程来到学校了解王辉的学习生活情况。通过交谈，检察官发现全新的学习生活环境已经使王辉摆脱了案件对他的不良影响，他已经能够以全新的面貌开始新的人生历程。
“来到大学我在学好专业课的基础上，已经加入学校的两个社团组织，在寒假里也安排参加公益活动，我要迎接新的自己。”王辉说。
看到王辉如今的表现，检察官觉得自己最初的决定很值得。据了解，河北省检察机关2017年受理公安机关移送审查起诉未成年人犯罪案件985件，经审查提起公诉682件1215人，不起诉289人，附条件不起诉209人（较去年上升86人），这些孩子在检察机关的帮教下正一步步重回社会、重塑自我。
检察机关一键“暂停”，让高三学生小伟得以顺利进入大学。
小伟家住湖北省武汉市。2017年3月12日上午，小伟与同伴王某（另案处理）来到当地一家烧麦店门口排队买早餐。其间，王某因琐事和被害人耿某发生口角，后动手殴打耿某，小伟见状也加入其中。两人联手将耿某全身多处打伤。经鉴定，耿某损伤程度为轻伤一级。
事后，公安机关将王某、小伟刑事拘留。同年4月20日，此案移送至武汉市江汉区人民检察院审查逮捕。
江汉区人民检察院办案检察官郭艳萍第一次在看守所见到小伟时，他正在认真复习。原来，小伟是武汉某中学高三在读学生，备考关键期，却因意气用事身陷囹圄。看到前来探望的母亲时，这个身高一米八几的大男孩终于忍不住，抱着母亲大哭起来。
捕还是不捕？郭艳萍犯了难——小伟作案时未满18岁，无社会危险性，又值高考冲刺期，如果按照正常程序对小伟进行讯问、社会调查、审查起诉等，势必会耽误其高考，但此时被害人耿某尚未谅解打伤他的两人。
为保证孩子参加高考，办案人员一方面敦促犯罪嫌疑人家属尽快赔偿被害人耿某经济损失，另一方面努力为小伟争取其谅解。没多久，王某家属代为赔偿耿某经济损失3万元，小伟和王某均取得谅解。
最终，检察机关对小伟作出不批准逮捕决定。
去年5月12日，该案到了审查起诉阶段，此时距离高考已经不足一个月。郭艳萍等人决定“暂停”办案——延长审查起诉期限15日。其间，为不影响小伟心态，办案人员不再与其直接接触，而是通过和小伟的家人保持联系，关注他高考前的心理状况与健康状况。
6月9日，小伟高考结束，提讯调查工作随即重启。
考虑到小伟犯罪情节轻微，具有因民间纠纷引发、作案时未满十八周岁、自首、赔偿被害人经济损失并取得谅解、有悔罪表现等情节，检察机关依法对小伟作出相对不起诉决定，将他列为重点帮教对象。
帮教期间，郭艳萍不时和小伟聊天谈心，同时和小伟妈妈保持联系。慢慢地，小伟从悔恨、紧张、焦虑中走出，“要不要帮妈妈做饭”也成为他和办案人员闲聊的话题。
2017年8月，小伟特地给办案人员发来大学录取通知书的照片。欣慰之余，办案人员继续展开对小伟一案的后续处理。
此案并非个例。近年来，湖北全省检察机关在依法办案前提下，注重教育、感化、挽救涉罪未成年人。对主观恶性较小，属于初犯、偶犯、从犯，确有悔改表现的涉罪未成年人，起诉后依法向法院提出从宽处罚的量刑建议。
统计数据显示，2017年暑假，湖北各地共有22名经过检察院作出相对不起诉、附条件不起诉的未成年人，收到了大学、大专录取通知书。此外，湖北省检察机关还通过完善司法借助社会力量机制，鼓励有条件的基层院探索建立社会观护基地，引入司法社工等措施，进一步完善涉罪未成年人帮教考察及犯罪预防工作。
（涉案未成年人均为化名）
（法制日报 赵红旗 殷好渠 李亚军 周宵鹏 刘志月 何正鑫 朱凛睿）
"
http://news.ifeng.com/a/20180325/57038988_0.shtml,这些兼职别去！号称“四年赚百万” 其实类似传销_凤凰资讯,2018年03月25日 13:09:31,"原标题:这些兼职别去！号称“四年赚百万”，其实类似传销
2017年6月，全国“刷单入刑”第一案在杭州落下帷幕，刷单组织者李某因犯非法经营罪被判处有期徒刑五年九个月，并处罚金92万元。
随着网购的不断发展，雇人刷销量增好评成为卖家提升搜索排名的快速通道，第一案的宣判并未对刷单行业产生任何影响。九个月过去，网络刷单乱象仍在不断延伸。澎湃新闻记者持续2个月跟踪调查15家刷单团队，每个团队人数从几百到几万大小不等，总计约有6万6千余人，参与者中不少为“90后”。
在调查中记者发现，刷单平台一般打着“网络兼职”的幌子，以日赚80-300元为诱饵拉人，实际上报酬甚少，一年多时间只能刷回最开始交的四百元会员费，如果想要快速获利，得靠外宣“拉人头”赚佣金。不少被拉入刷单组织的年轻人，都觉得自己是被骗“入了坑”。
法律人士认为，尽管刷单平台靠外宣拉人，收取入会费的行为也与传销类似，却并不是传销，也难以定义为诈骗。如果想要从源头上解决问题，首先要阻止电商卖家的刷单行为，才能遏制刷单群体的延伸和扩大。
一年半后，赵娅洁（化名）才认识到她加入的“刷单军团”是一个“坑”。
“给人感觉就是简单赚钱，灵活收钱，工资还是日结。”赵娅洁是一名“90后”，她告诉澎湃新闻记者，被认作兼职的刷单非常吸引人，只要一个手机、一个淘宝APP、会截图会网购、不限时间和地点，轻而易举就能赚到钱。2016年春节期间，刚上大学不久的赵娅洁交了398元的会费，成为一名“刷手”。
她最初入团是因为羡慕——在刷微博时，她看到达人的推荐，对方还向她晒出了华丽的生活照和支付宝进账截图。
刷手招聘广告。
刷单平台宣称的薪酬也格外丰厚，一家刷单团队的负责人方俊伟（化名）表示：“（刷单）工资日结，日赚80-300+（元）。”
不用会员动脑，刷单平台已经帮着算好了一笔账：只要每天花上几个小时刷单，一天赚30元，一个月就是900元；一天刷50元，一个月就有1500元。赵娅洁想，只要自己每天抽出点时间，就可以赚到每月的生活费。如果把入会费当作一笔投资，肯定稳赚不赔。
然而，她在刷单平台呆了一年半，却只刷回了自己的会费。“现在想想我都觉得自己傻，以为真的能赚钱，笑死我了。”
赵娅洁入了会才知道，光鲜亮丽的每日进账和月收款图，可以用软件生成，而灰暗的现实是，一个淘宝帐号在一个月内最多只能刷8单。
她记得很清楚，一个带钻的买家账号刷一单可拿5元，2颗心拿2.5元，3颗心3元，4、5颗心都是3.5元。刷单有限制，佣金价格低，入会前许诺的日收入严重缩了水，“日赚30元都像是天方夜谭。就算按照平台的办法借了号，一个月抽十多天来刷单，乘上一单佣金的平均值4元，也就挣几十元。”
赵娅洁曾觉得自己被骗，去找刷单平台理论，却被一些忠实会员嗤之以鼻。她说，从“忠实会员”晒出的工资单来看，个别多的确实可以轻轻松松月入数千元，能力较弱者也偶尔能日收百元。
“但他们做的不是刷单，而是外宣。” 赵娅洁说。
外宣是一个远比“刷手”更接近核心利益的工种。赵娅洁告诉记者，外宣就是拉人，拉成一次至少能拿到一百元佣金，但自己即使退会离开，也没有做外宣，“太坑了，自己良心过不去。”
在刷单组织呆过一个多月的柳炎焱（化名）认为，外宣拿的是对方入会费的提成，“感觉就和传销差不多”。
刷单团队设立的外宣工资。
柳炎焱是一名大三学生，也是“90后”，被他的校友拉进了刷单组织。他入会时交了300元，后来才得知三分之一进了校友腰包，这名校友就是外宣。那时，校友并未告诉他会员做单的限制，“一直强调多劳多得，声称平台的单子多到做不完”。
为了将外宣和传销撇开关系，刷单平台每天给会员开课，反复强调外宣相当于公司人力资源部对外招聘——平台的单子量数不胜数，一直缺乏刷手，外宣每推荐一个工作人员，“工会”将代表商家进行嘉奖，给出的是奖励金，而非回扣。
刷单需要逃避电商的监管，因此步骤与真实的网购别无二致，严格依照搜索、货比三家、咨询客服后再支付的流程，但外宣的工作非常精简：每天挑黄金时间段——早上6点、中午12点和晚上9点——在朋友圈和QQ空间晒出工资图，附上自己的心情或感言，点明网络兼职的主旨即可。
柳炎焱发现，除了简单和来钱快，刷单平台还会专设外宣课，由经验丰富的“培训”开授，每天向会员灌输“外宣至上”，并传授通过外宣快速赚钱的方法。
他解释道，“培训”还会强调团队的正当、合法地位，有刷单平台负责人就自称团队是给购物网站和各大软件做推广的网盟平台，所以帮助网店做线上推广，以便其获得更好的评价和销量。
柳炎焱曾动过做外宣的念头，可临门一脚，道德感又将他拉了回来，“就像在拉身边的同学垫底回本，良心过不去。”
刷手和外宣都只是“小兵”，他们带来的大部分利益最终流入了平台负责人的口袋。
澎湃新闻记者在2个月中跟踪了15家刷单平台，
记者暗访发现，刷单平台为了规避风险，会员在入会前都得接受“培训”的实名认证。在缴纳入会费后，平台新人需要加“培训”为好友，登记自己的身份证号、电话号码和真实姓名。“培训”会要求他手持身份证件录制即时小视频，以保证身份信息真实有效，一旦通过审核，“培训”会给新人一个唯一的工号，他的所有信息将会入库保存。
尽管人数庞大、入会严格，刷单团体的层级却相当扁平，他们的平台即QQ群，平台负责人通常是QQ群主，直接在群中发布消息，发号施令。
在记者暗访中，一名平台负责人方俊伟（化名）告诉他的会员，他在大学期间接触到刷单，
据其透露，“被动收入”即指他可以什么都不做，只要下面的会员不断拉人入会，就有不菲的提成自动进入他的口袋。
刷单团队负责人称通过刷单赚了一百多万元。
在曾是刷手的柳炎焱看来，因为刷单行为不设置层级，只要拉来做外宣的人越多，拿到的回扣也就越多，所以就会促使刷手不停地拉人。他了解过相关法律，正因为刷单不设置层级，也就不被认为是“传销”了。
中国政法大学刑事司法学院教授阮齐林也认为，尽管刷单平台靠外宣拉人，
他说，对于传销组织的认定，除了收取入会费，关键还要看两个条件：首先是该组织并未提供实质性的服务，经营活动具有欺骗性；其次它是按层级计酬，比如组织者发展一级会员，一级会员发展了二级会员，组织者不仅收取一级会员会费，还会抽取二级会员的提成。
上海市刑事辩护律师阮传胜告诉澎湃新闻记者，2009年2月，中国刑法修正案（七）在刑法第二百二十四条后增加一条：组织、领导以推销商品、提供服务等经营活动为名，要求参加者以缴纳费用或者购买商品、服务等方式获得加入资格，并按照一定顺序组成层级，直接或者间接以发展人员的数量作为计酬或者返利依据，引诱、胁迫参加者继续发展他人参加，骗取财物，扰乱经济社会秩序的传销活动的，处五年以下有期徒刑或者拘役，并处罚金；情节严重的，处五年以上有期徒刑，并处罚金。
阮传胜进一步指出，2010年我国颁布施行的《最高人民检察院、公安部关于公安机关管辖的刑事案件立案追诉标准的规定（二）》第78条规定，涉嫌组织、领导的传销活动人员在30人以上且层级在3级以上，应予立案追诉。 “传销的要件就是其较严密的组织性，从上述这两项法律规定来看，
在阮齐林看来，将刷单平台定义为诈骗也比较难。
他说：“（刷单）平台在会员加入前，许诺可以赚到多少钱，而实际不是这么回事。这具有欺诈性，但它可能会编造各种会员赚不到钱的理由，只要平台始终还在，还做着刷单的业务，并且也还是会支付刷手一定的报酬。这种情形下，比起携款就跑的状况，定诈骗就比较难。”
2017年6月，全国首例刷单入刑案在杭州宣判。江苏人李某利用YY语音聊天工具建立刷单炒信平台，吸纳会员参与刷单炒信。这些会员为淘宝卖家注册账户，通过平台的发布接受刷单任务，平台则向会员收取300元至500元不等的保证金和40元至50元的平台管理维护费及体验费。2013年2月至2014年6月，李某共收取平台管理维护费等逾30万元，另收取保证金共计50余万元。最终因犯非法经营罪被判处有期徒刑五年六个月。
谈及“刷单入刑”一案，阮齐林指出，刷单组织者通过制定刷单的规则和流程，组织刷手在平台进行有偿的刷单服务、发布虚假好评的行为，也符合《最高人民法院、最高人民检察院关于办理利用信息网络实施诽谤等刑事案件适用法律若干问题的解释》第七条中规定的关于非法经营行为的规定，只要个人非法经营数额在五万元以上，能够以非法经营罪追究刑事责任。
阮齐林同时表示，本案只是法律上的一种应用，上述司法解释认为以牟利为目的的刷单属于非法经营罪的客观行为，但这一司法判决所确立的规则是否具有普遍性，还有待进一步的研讨。
上海段和段律师事务所律师刘春泉表示，刷单入刑的判罚除了在杭州有案例以外，南京也有一例。一淘宝店主为了打击竞争对手，雇人疯狂购买对方产品，恶意“刷单”1500次，后被法院判处有期徒刑一年缓刑一年。
互联网电商平台意欲建立的信用评价体系，正在被活跃的网络刷单侵蚀破坏。
澎湃新闻记者采访多名律师，不少律师认为，遏制刷单行为必须从源头上解决，首先要阻止电商卖家的刷单行为，才能遏制刷单群体的延伸和扩大。
刘春泉总结，造成网络刷单依然秘密活跃的原因有两个方面，首先是刷单行为没有被害人。“通过刷单将淘宝店铺刷出皇冠、刷出几星几钻，消费者不会觉得这个事情和自己有关系，既然没有被害人，就不会有人报案。除非电商平台主动举报，比如杭州的‘刷单入刑”案例就是阿里巴巴集团运用大数据主动发现并向警方报案。”其次，如今还没有确定的技术可以证明交易量和评价是刷出来的，取证困难成为第二个盲点。
刘春泉表示，如果加强执行力度，比如在税收问题上对电商卖家进行强制规范，网络刷单可能很快就能得到治理。“店铺的交易量就是他的营业额，现在很多淘宝店铺都没有按照法律规定来申报纳税。如果税务机关规定，每一笔交易记录都必须按照交易的金额进行缴税，那么‘刷’的每一笔单就有了成本，不法分子马上就会承担不起后果。”
：还有打字兼职，被骗了四百块。
：关注点在海报做得实在是很想加入学习一下。
：前年做过，不是刷单，是用身份证注册各种各样的软件，赚佣金，后来觉得泄露个人信息，就不做了，佣金也少，连交的钱都没挣到。
"
http://news.ifeng.com/a/20180325/57037097_0.shtml?_cpb_shehui,2年内同一间公厕连续发现死婴 凶手都是其亲生母亲_凤凰资讯,2018年03月25日 10:58:42,"原标题:两年内同一间公厕连续发现死婴，凶手竟都是她！
扬晚君说
2016年4月，昆山某小区公厕内发现一名刚出生的女婴，不幸已经死亡，警方多方调查未能发现可疑人员。可时隔一年多，同一间公厕再次发现一名死婴。昆山警方调查后确认，
。日前，昆山市人民检察院依法以涉嫌故意杀人罪对雷某提起公诉。
2017年8月的一天，沈大妈正在昆山某小区公厕打扫卫生，忽然听到公厕女间传出一声声痛苦的呻吟，她进去一瞧，不禁倒吸一口凉气，“隔间地上流出一摊血”，想起刚才一名孕妇进去，难道是生孩子了？好心的沈大妈赶紧叫人帮忙。
奇怪的是，任凭怎么敲门，隔间里的女子始终不开门，拒绝帮助。沈大妈马上报警。在警察和医生劝说下，女子终于开了门。只见女子坐在坐便器上，神情紧张，直到被抬上了担架。医护人员在溢满血水的坐便器里发现一名男婴，捞上来时已无生命体征。鉴定确认，男婴不排除因机械性窒息而死亡的可能。
一纸鉴定证明，
。那么，凶手真的会是那名女子——孩子亲生母亲吗？
警方调查得知，该女子姓雷，西安人，今年23岁。2016年她在KTV唱歌时认识了张某，很快成为男女朋友。后来雷某发现张某十分花心，于是分手，可这时自己怀孕了。她不敢声张，直到2017年8月的一天，在公厕上洗手间的她产下一名男婴。雷某一来害怕别人知道她未婚生子，二来她恨孩子的父亲张某，失去理智的她竟然掐住了男婴的脖子……原以为只是一起因爱生恨的弑子案，但随着调查深入，警方发现更惊人的情节。
昆山市人民检察院办案检察官提前介入案件，建议公安机关迅速将雷某与一年前惨死的女婴DNA进行比对，并寻访证人展开调查。结果出来了，
虎毒不食子。是什么让这名女子连续杀死两个亲生的婴儿？
2012年，雷某在上海打工时认识了男友孟某，但这层关系不被家人认同，一气之下，雷某离家出走。2014年，她跟着孟某从上海到昆山打工，没过多久就闹起矛盾，那时雷某发现自己怀孕，但孩子父亲并非孟某，最终两人分手，孟某回了老家。
随着时间推移，雷某的肚子渐渐变大了。等到腹痛难忍，孩子出生时，别人指指点点的画面映入脑海，害怕被人说闲话的雷某，此时唯一想到的就是要掐死婴儿。在这间公厕，她狠心地掐了约2分钟，看到婴儿憋得通红的脸没了哭声，才松开手，残忍地将婴儿扔在马桶里。
“这种对生命极其漠视的行为，已涉嫌犯罪，检察机关绝不能坐视不理。”日前，昆山市检察院依法以涉嫌故意杀人罪对雷某提起公诉。       
来源｜扬子晚报记者于英杰通讯员唐慧玲
"
http://news.ifeng.com/a/20180325/57034025_0.shtml?_cpb_shehui,熊孩子猛推怀孕4月准妈妈：“我想看看她会不会流产”_凤凰资讯,2018年03月25日 07:22:45,"原标题:“我想看看她会不会流产！”怀孕4月准妈妈被熊孩子猛推一把，结果…
一位妹子亲眼目睹了一名四年级，身高1米4、体重120多斤的熊孩子猛推孕妇……
当被问及为什么要这样做的时候，这个熊孩子还悠闲地吃着零食，不以为意地说：
听到这话的妹子，当场就爆发了......
▼
（来源：知乎@三倍氢二氧一）
这位妹子左手拖把、右手擀面杖，从餐厅打到客厅，最后把熊孩子踹出了家门，这个画面可以说是十分解气了。
兔姐本以为网友们会稍微心疼一下熊孩子，毕竟熊孩子膝盖都青了，然而网友的评论炸了锅，重点是大家都一边倒地支持这位妹子的做法：
熊孩子不打不长记性！
幸亏孕妇最后没事，不敢想象，如果这位妹子没有及时拉住怀孕的嫂子，后果会是怎么样？
令人气愤的是熊孩子的态度，只是为了满足自己的好奇心，故意推倒孕妇亲戚，想看她会不会流产，事后竟然丝毫没有意识到自己做错了！
教养与年龄无关
尽管
任由孩子放肆、导致严重后果的新闻并不少了：
一位网友晒出了一堆卷子铺在沙发上，
并表示不做到九十分就不能得到wifi密码。
——million赵
熊孩子来之前都会和家里人说好，不许某某进我房间，从此不管我在家还是不在家，房门上锁还是不上锁，我弟都会自觉地把熊孩子带着远离我房间。
——中毒咖啡依赖者
之前看到过一个牛人写的，熊孩子故意把可乐倒在钢琴键盘上了，熊孩子妈说：她也是好心帮你洗钢琴。然后此牛人狠狠表扬了这个熊孩子。终于有一天熊孩子在琴行把一架超级贵的钢琴给洗了，这下看熊孩子妈该怎么办。
——锥子脸的猫
来源：广州日报综合南国微生活、南国早报（ngzbnews）、FM93交通之声（hifm93）、少女兔
"
http://news.ifeng.com/a/20180325/57033383_0.shtml?_cpb_shehui,街头虐狗一幕让人痛心：金毛遭摩托车活活拖死(图)_凤凰资讯,2018年03月25日 06:00:27,"原标题：摩托车活活拖死大金毛温州街头虐狗一幕让人痛心
狗狗20多天前被偷后遭遗弃，虐狗之人连称“认栽”竟毫无悔意
在宠物圈，活泼好动的金毛常被主人们称为暖男。可谁曾想到，温州却传来这样一条让人不忍卒读的消息：有人将金毛绑在摩托车后面，拖着它在马路上疯跑。被爱狗人士发现并解救时，这只金毛已经伤痕累累，脚掌全部磨破，四肢僵直倒在地上。更让人难过的是，昨日凌晨，这只金毛因心力衰竭而抢救无效死亡。
为何要这样对待这条金毛？它在被拖绑前又经历了什么？本报记者第一时间重回现场。
飞速行驶的摩托车，后面还绑着绳子，拖着一只疲惫的金毛。3月23日傍晚，温州街头的这一幕让人想起来就痛心。
“我看到的时候，那只金毛已经快不行了。” 最先拦下摩托车的是19岁的徐澳文，爱狗的他养着两只泰迪和法斗。
3月23日晚上6点左右，小徐准备前往附近的健身房。就在温州大道旁的一个汽车4S店门口，他看到前面有人骑着摩托车，后面拖着一只大狗往前跑。
精疲力竭的狗狗慢慢瘫倒在地，摩托车依然拽着它往前拖，骑单车的小徐拼命追了上去。
“这只狗已经跑不动了，你为什么要拖着它？”拦下摩托车后，小徐厉声质问，并和另一名爱狗的路人一起立即报了警。
瘫在地上的金毛开始不停地抽搐，腹部急剧收缩，张着嘴巴一直在喘气。金毛脖子上的绳子越勒越紧，怕伤到它，小徐把手指垫在金毛的脖间，慢慢解开了绳子。
“他说自己想拿过去养，可行为明显不像是珍惜这只狗。”小徐告诉记者，出警的是龙湾区状元派出所的民警，看着警方到来，穿保安制服的拖狗男子气势明显弱了下来。
金毛无力地躺在地上，脚掌的皮全部被磨破，胸口和左前肢还有十几厘米的伤口，不时吐出一摊血水，身下也渗出血迹。
看着奄奄一息的金毛，小徐说自己心急如焚，当时他一边在宠物群里通知大家寻找失主，一边在路边准备打车送金毛去医院治疗。
“一看我身旁伤痕累累的大狗，出租车都不愿意载，转过头就开走了。”得知情况，小徐熟识的一家宠物店老板潘文武立即开车过来。
“金毛身下都是血水，我们不敢动它，最后用木板把它抬进后备箱。”小徐说，当晚8点10分左右，金毛终于被送到温州的一家宠物医院。
“送来的时候金毛已经有心力衰竭的迹象，体温40℃，浑身抽搐，心律不齐，呼吸不畅，胃肠出血，检查之后很多生化指标都爆表。”宠物医院的医生李港告诉钱报记者，这很明显是长时间剧烈运动之后的热衰竭。
医生们立即给它降温补液，清理伤口，可金毛无力地抽搐，吐血、便血，周身血腥味很重。
与此同时，小徐和爱狗人士一起发动所有力量，通过网络寻找金毛的主人。
晚上10点左右，远在深圳的大奕（化名）收到了一个好友申请，对方发来了一只金毛正在接受抢救的视频。
“这是你之前丢失的金毛吗？”大奕睁大了眼睛，寻找着一切可能的特征。
“跟我的狗狗很像，请你试一试，叫它‘小Q’试一试。”大奕说道。
“叫‘小Q’的时候它有反应，眼睛睁开了，耳朵也动了动。”听着微信里传来的信息，大奕的眼泪已经不自觉流了下来。
大奕家住在龙湾区，小Q是两年前买来的，3月3日被人偷走，为了寻找小Q，她找了许多地方。“附近的废墟、工地、垃圾场还有菜市场，我都找了一遍又一遍，派出所也去登记过，可是一直不见小Q的踪影。”
二十多天未见，谁曾想，小Q竟然是以这种方式出现在大奕的视线里。
3月23日晚上，大奕一夜难眠，宠物医生李港也一直在监控着小Q的情况。让人痛心的是，3月24日早上7时40分左右，小Q在抢救了十几分钟后，因为心力衰竭而死亡。
“虽然身上遍布着外伤，但它的死因是剧烈运动引起的热衰竭，类似于热射病。”宠物医生介绍。
昨天下午，记者前往小徐拦停摩托车的地方，一夜过去，人行道上依然有一米多长的血迹，而原先活泼的金毛小Q，却已经永远地闭上了眼睛。
据了解，这名拖狗的人姓王，今年36岁，来自安徽，是龙湾一家保安公司的员工。
当初为什么要带走金毛，并把它拴在摩托车后拖行？记者也多次联系王某，但是他始终没有接听电话。而在王某所述捡到“小Q”的龙腾路附近，记者寻找良久也没有发现他的身影。
王某告诉民警，这只狗是自己当天下午在龙腾路附近发现的，“看起来是只流浪狗，跑着跑着就不走了，所以才抓了起来。”
在爱狗人士的监督下，王某垫付了2000元的医疗费。由于大奕远在深圳料理生意，她的朋友与王某进行调解，王某赔付了3000元。
“他一个劲地说自己‘认栽’，从头到尾都没有一丝悔过之心，只字不提自己对狗狗的所作所为。”大奕的朋友很愤慨。
提起重逢便离世的小Q，大奕后悔不已：“无辜被折磨，怪我没有看护好它。”
“如果不爱，请不要伤害，不要以各种理由作为恶行的借口。”参与救治的宠物医生和多位宠物爱好者也表示，饲养宠物一定要考虑清楚，如果没有太多的时间，也不要一时兴起做随意的决定。
越来越多的宠物进入我们的生活，人类应该怎样对待宠物的权益？盗窃、虐待、遗弃宠物的人要不要处罚，该怎样处罚？浙江时代律师事务所的律师陈一来介绍，如果宠物的价值在5000以上，被人盗走的话当以盗窃罪处理，但是对于虐待宠物如何处罚，没有相应的法律规定。目前只有野生动物和列入国家保护动物名录的动物有法律监管和保护，从顶层设计来说，建立和规范宠物权益的法律也亟待立法保护。
本报记者汪子芳
"
http://news.ifeng.com/a/20180328/57119974_0.shtml?_cpb_lishi,46年陈毅粟裕之争是怎么回事 毛泽东如何“摆平”_凤凰历史,2018年03月28日 09:57:02,"1946年6月22日，毛泽东提出了一个南线出击作战的战略计划，请刘伯承、邓小平、陈毅等人考虑。
这个计划是在国共和谈全面破裂、国民党军向我大举进攻时，我山东、太行两解放区主力部队实行外线出击，向南作战。要求太行解放区的部队以豫东
地区为主要作战方向，集中主力尽可能攻取陇海路沿线南北十几个县城，着重在野战中消灭敌军有生力量，相机占领开封；山东野战军则以徐州地区为主要作战方向，集中主力配合苏皖北部的部队攻取津浦路徐蚌间及陇海路黄口、徐州段各点，着重调动徐州之敌在野战中歼灭之，同时，要求集中野战军主力以对付江北之敌，配合作战，并考虑在形势有利时，太行、山东两区主力南渡淮南，向大别山、安庆、浦口之线前进。
应该说，毛泽东的这一计划在解放战争初期，是不符合战争实际情况的。围绕这一作战计划，陈毅和粟裕之间发生了争论。
陈毅对毛泽东提出的南线出击作战计划是竭诚拥护，坚决执行的。当他接到毛泽东6月22日的电报后，次日即复电毛泽东，完全同意这一南线出击作战计划，并对山东野战军作了部署。
当粟裕接到毛泽东的电报时，正在苏中前线指挥作战。他从实际情况分析后，认为华中野战军主力应留在苏中作战，不能立即西移淮南。27日，他便给中央军委和陈毅发了电报表明了自己的意见。
之后，粟裕感到事关重大，立即赶回淮安，同邓子恢、谭震林一起商量，他们一致赞同粟裕的建议。6月29日，他们联名又给中央军委、陈毅发了一份电报：“华中主力转至淮南后，不仅粮食须由苏中供给，即民夫运输恐难支持，因淮南地广人稀，交通不便”，“苏中地(方)武(装)已很弱，难于担任钳制任务。如苏中失陷，淮南战局万一不能速胜，则我将处于进退两难。”
然而，陈毅拒绝了粟裕等人的建议，30日他电告中共中央并复电华中分局：“我们认为7月间非打不可……”
毛泽东对粟裕6月27日的电报极其重视。在接到电报的第二天(28日)复电华中野战军,指示：部队继续隐蔽于待机位置，听候安排。30日，毛泽东又致电华中野战军：“部队暂缓调动，待与陈军长(陈毅)商酌后，即可决定通知你们。”
7月4日，毛泽东在给刘伯承、邓小平、陈毅的一份电报中，提出了“我先在内线打几个胜仗再转至外线，在政治上更为有利”。按照毛泽东的这一指示，粟裕于7月13日发起了苏中七战七捷战役。
"
http://news.ifeng.com/a/20180327/57101138_0.shtml?_cpb_lishi,兰台说史•美国挑起的“贸易战”是怎么输给日本的 _兰台说史汇总页,2018-03-27  18:06:16,"近日，关于中美可能发生“贸易战”的新闻被吵得沸沸扬扬，许多专家也指出美国这次只会“搬石头砸自己的脚”。其实，美国早在上世纪80年代就表现出了对“301调查”的热情，只是那时候的关注对象还是日本。
值得玩味的是，里根政府针对日本半导体和日本汽车行业的贸易保护主义，最后伤害更多的都是美国经济。对美国来说，贸易战真的不是一个明智的选择。
“301调查”日本半导体：执着于捡芝麻的美国政府
二战后，美国实现了在钢铁、汽车、纺织等各个领域的腾飞，在很长时间内都在全球遥遥领先。可是到70年代之后，事情就悄悄发生了变化。日本经济在其特殊的产业政策下迅速发展，竟让一直强调开放、全球化和自由贸易的美国也忍不了了。上世纪80年代的美日半导体纷争，就源于这一实力差异的巨大变化。
70年代末，在日本经济产业省（MITI）的支持下，日本半导体行业迅猛发展。质量好、价格低廉、产量充足，这三大优势让其不断打开了在美市场，从1984年到1989年，日本半导体在美国的市场份额从14.3%一路升到26.6%。而美国在日市场份额则寒酸的多：一直在10%左右徘徊。
一气之下，美国半导体行业协会（SIA）决定去国会抱怨日本同行，“罪行”主要有两条：一是他们低价倾销，以不公平的手段抢占了美国市场；二是日本实行了贸易保护政策，限制了美国半导体在日的市场份额。当时的里根政府接受了这一逻辑，并以报复性贸易政策威胁日本政府。
由于当时特殊的美日政经关系，也怕被扣上“不公平贸易”的帽子，MITI决定“忍辱负重”，接受了美方的要求。它不仅限制了日本半导体的产量，提高了产品在美价格，甚至为了提高美国半导体在日份额强迫日本公司购买美国产品。
然而事实证明，这样的政策对美国经济带来了更大的伤害。反“倾销”之后，半导体在美国的价格可就不那么“美好”了。以DRAM芯片为例，与同期的欧洲相比，在美国的购买价格要贵30%至40%。在当时计算机行业兴起的关键时期，这样的成本上涨可不是好事。
美国对半导体行业的“保护”，无形中为计算机行业的发展拖了个大后腿。由于美国的半导体价格上涨，美国计算机价格水涨船高。这使得在国际市场中，日本计算机具备了更大的价格优势，在全球的市场份额也一路飙升。
价格是一方面，另一个更严重的问题在于，日本痛定思痛，开始在半导体工业上发力全面赶超。日本上下开始实施超大规模集成电路的共同组合技术创新行动项目（VLSI）。这项计划是由日本政府通产省牵头，联合日立、三菱、富士通、东芝、日本电气五大公司为主体，联合了日本通产省的电气技术实验室（EIL）、日本工业技术研究院电子综合研究所和计算机综合研究所，投资720亿日元，用于进行半导体产业核心共性技术的突破。
这一项目的实施具有里程碑意义，它令日本在微电子领域上的技术水平很快赶上美国。项目实施的四年内共取得了1000多项专利，大幅度提升了成员企业的制作技术水平，日本公司借此抢占了芯片市场的先机。
而随着科技的发展，机会出现在日本企业面前，80年代，随着全球大型计算机市场的快速发展， DRAM芯片需求剧增。VLSI项目实施之后日本在DRAM芯片技术上已经取得了技术领先，日本企业此时凭借先进的大规模生产技术，取得了成本和可靠性的优势，从而迅速占领美国市场，并在世界范围内迅速取代美国成为DRAM芯片主要供应国。
尽管日本政府支持购买美国半导体，结果很多公司购买后都将其束之高阁。即使是在半强制的情况下，美国半导体在日份额也未达到20%至30%的目标，而只是勉强到了12%-13%。原因很简单：美国的产品过时、性能没有竞争力，也很少去主动适应日本市场。
到1989年，日本芯片在全球的市场占有率达53%，美国仅有37%，日本半导体企业在全球前十中占据了六位（并包揽前三，美国著名的Inter公司仅仅名列第四），前二十中占据十二位。日本半导体产业达到鼎盛时期。
美国的贸易战，生生把日本半导体产业制裁成了行业主流……
被逼创新的日本汽车行业
与日本半导体在美国的发展路径类似，日本汽车行业在70年代也借石油危机、经济滞胀等问题扩大了在美市场。此前，美国人更喜欢宽敞、耗油的国产大车，但是随着油价逐渐飘红、钱包日益变瘪，人们逐渐改变了购车偏好：省油、质优、价格更有竞争力的日本车成为了“新宠”。
这一次，最先受到冲击的美国汽车三巨头--通用汽车、克莱斯勒和福特想到了跟半导体协会一样的方法：去国会游说。理由也很一致：日本人这是在搞倾销。
彼时，也正是里根竞选美国总统的关键时刻，与现在很多美国蓝领工人支持特朗普一样。里根巧妙地接受并使用了这一逻辑，并在上台后推出了“自愿出口限制”(VER) 措施，规定日本每年出口美国的汽车不得超过168万辆。
被限制数量后，日本汽车在美国由买方市场变为了卖方市场，导致日本汽车的价格大幅上涨。从1981年到1983年，日本汽车在美国的平均价格从6000美金陡升到8000至11000美金。原有的价格优势不存在了，日本汽车公司是如何应对的呢？
和半导体产业类似，日本只得再次“忍辱负重”，在MITI的带领下，继续想办法。一方面，日本汽车企业将降低成本，压低售价的措施做到极致，它们开始在美国建厂，生产汽车，并减少了一些汽车部件。并且，减少相应的非必须配件。美国人购买日本汽车之后，需要自己选择安装空调、天窗等（这些都是在售价之外需要额外加钱的）。对于美国消费者来说，这情况可就糟糕了。本来收入减少的他们还能购买相对廉价的日本汽车，可是VER之后却不得不多花几千美金来购买“瘦身”后的车。心疼三秒钟。
一方面，日本汽车企业开始在新车型上大量使用最新科技成果，尤其是当时日本先进的电子科技产品。比如，日本企业率先使用了涡轮增压、电控缸内直喷、多气门设计，率先量产了全球最早的稀薄燃烧发动机，在柴油发动机率先使用了中冷器和缸内直喷等新技术。同样的售价，技术比欧美车强，自然吸引顾客来买。
一方面，日本车企仔细研究了欧美顾客的需求，明确了自己主要目标客户的特点，针对性的进行设计，一下征服了欧美用户的心。比如著名的宝马汽车注重底盘的调校，在看不到的地方做工扎实，操控性能强、高速性能非常好，并以此享誉世界。而日本汽车企业通过研究发现，宝马汽车的这些优点对于懂车的爱车一族吸引力很大。但普通用户对于宝马汽车的这些优点，其实并不敏感。他们更加需要的是在日常的城市生活中好开、舒适、耐用，并且看起来美观的家用车型。因此，日本车企利用逆向思维，针对最大客户群的特点，开发出诸如丰田凯美瑞、本田雅阁这样的车型。它们追求外观上第一眼美感，追求舒适性，追求日常驾驶体验，追求长时间低故障率。而对于其他方面并不很高要求，比如高速行驶时的体验很差，与宝马等车型不可同日而语。但正因为针对性强，马上征服了大部分普通美国消费者。时至今日，凯美瑞、卡罗拉、雅阁等车型仍然牢牢占据美国汽车销售排行榜的前列，而宝马的销量，只能是它们的零头。
还有一个重要的方面，本来日本车企靠廉价车就能在美国转的盆满钵满，本来也没有参与高端车、豪华车竞争的动力。但VER之后，既然廉价车的钱不让赚了，日本车企干脆一不做二不休，也开始开发自己的高端车、豪华车，一些日本车企原本并不涉足的领域，比如跑车，也开始发力。日本车企此举正是为了在出口汽车数量不变的情况下增加利润，获得更多收益。丰田的高端品牌雷克萨斯（Lexus）、本田的高端品牌讴歌（Acura），日产的高端品牌英菲尼迪（Infiniti），分别创立于1983、1986、1989年，创立的初衷就是针对美国市场。时至今日，雷克萨斯已经牢牢占据了美国市场豪华车品牌的头把交椅。本来低端车的“狼来了”，一下变成了汽车行业全面的“狼来了”。
讽刺的是，对日本汽车的限制并不意味着美国国产品牌就自动填补占据了空出的市场份额。事实上，日本留出的市场空白更多的是被被来自韩国、南斯拉夫等国的汽车填补了。因为很明显，通过贸易保护主义的手段，并不能因此提升美国汽车的市场竞争力。
从实际效果来看，美国在汽车上的贸易战并没有遏制日本汽车企业，反而把对手逼得升级换代，脱胎换骨，成了真正压制自己的人。80年代还分别占据世界车企第一第二的美国通用公司、福特汽车公司如今只能排在第四第五，而三巨头之一的克莱斯勒更是惨遭菲亚特并购。美国的“汽车城”底特律也在产业收缩之后成为著名的“鬼城”。
启示
美国八十年代“no zuo no die”的经验，其实可以为今天中美之间的贸易冲突提供不少借鉴。
首先，一个国家要有全局意识，不可因“半导体”行业的几句抱怨，就大幅度地开展贸易保护主义行动。不过，我们也要注意，贸易保护主义政策从提出到出台，涉及到相关行业代表、美国商务部、白宫等多方利益。因此，要更好地应对“贸易战”，也必须学会从这几方的利益诉求入手，理解他们的行动逻辑。
其次，贸易公平当然重要，但是不可以“公平”为理由来掩盖自身产品竞争力不足的问题。很多时候，美国对所谓“倾销”的定义是模糊的，其目的都是为了保护本国的相关产业。但是美国针对日本半导体和汽车业的贸易保护主义都说明：优惠的保护政策只能成为行业落后的理由，使其失去提升自身竞争力的动力。
而对现在被“301调查”的中国来说，倒不妨在坚持自身立场的前提下，借鉴一下当年日本“兵来将挡水来土掩”的灵活态度。在某种意义上，美国这样“任性”的行为反倒可以为中国的产业升级发挥“鲶鱼”作用。
"
